races,wins,podiums,poles,front_rows,wet_races,wet_wins,wet_podiums,gained_positions,lost_positions,collisions,points,wins_not_from_pole,starting_position,champion
1,0,0,0,0,0,0,0,0,0,0,0,0,19,0
1,0,0,0,0,0,0,0,0,0,0,0,0,13,0
15,0,0,0,0,0,0,0,10,0,3,0,0,311,0
2,0,0,0,0,0,0,0,6,0,0,0,0,45,0
17,0,0,0,0,3,0,0,49,2,5,4,0,345,0
18,0,0,0,0,5,0,0,18,1,5,0,0,345,0
17,0,0,0,1,2,0,0,19,17,3,15,0,233,0
19,0,0,0,0,5,0,0,41,10,2,47,0,231,0
19,0,0,0,0,2,0,0,39,13,1,42,0,220,0
19,0,0,0,0,0,0,0,40,16,3,29,0,241,0
19,0,0,0,0,2,0,0,8,17,5,0,0,279,0
1,0,0,0,0,1,0,0,4,0,0,0,0,20,0
15,0,1,0,0,1,0,0,31,3,2,37,0,233,0
11,0,0,0,0,1,0,0,15,0,2,8,0,239,0
14,0,0,0,0,3,0,0,75,0,3,22,0,243,0
15,0,0,0,0,5,0,0,28,0,7,9,0,218,0
1,0,0,0,0,0,0,0,0,0,0,0,0,20,0
5,0,0,0,0,0,0,0,24,0,2,12,0,81,0
1,0,0,0,0,0,0,0,9,0,0,6,0,16,0
1,0,0,0,0,0,0,0,0,1,1,0,0,27,0
1,0,0,0,0,0,0,0,9,0,1,0,0,30,0
1,0,0,0,0,0,0,0,10,0,0,0,0,23,0
1,0,0,0,0,0,0,0,0,2,0,0,0,30,0
1,0,0,0,0,0,0,0,0,5,1,0,0,22,0
1,0,0,0,0,0,0,0,14,0,0,0,0,28,0
1,0,0,0,0,0,0,0,0,19,1,0,0,8,0
1,0,0,0,0,0,0,0,10,0,0,0,0,21,0
1,0,0,0,0,0,0,0,10,0,0,0,0,28,0
1,0,0,0,0,1,0,0,0,0,0,0,0,15,0
1,0,0,0,0,0,0,0,0,0,0,0,0,17,0
13,0,0,0,0,1,0,0,52,0,2,46,0,186,0
15,3,6,2,5,6,2,2,7,2,4,126,2,72,0
16,2,4,5,9,1,0,0,6,12,3,116,1,45,0
15,4,7,3,5,1,0,1,20,13,1,183,2,67,0
16,7,9,3,11,1,1,1,9,5,2,226,4,48,0
15,5,11,2,3,3,1,2,28,2,1,233,4,61,1
16,4,11,1,3,0,0,0,28,7,1,233,3,68,1
16,3,7,0,3,0,0,0,22,21,1,154,3,70,0
16,7,14,2,12,3,0,2,13,0,1,301,5,40,0
15,4,11,2,10,2,0,1,11,3,1,245,3,39,1
15,5,9,0,4,1,0,0,29,4,0,225,5,70,0
14,0,5,0,3,2,0,1,12,0,1,118,0,64,0
16,7,12,13,16,5,2,4,1,30,1,271,1,19,1
4,0,0,0,0,1,0,0,13,12,0,18,0,49,0
4,0,0,0,0,1,0,0,15,0,0,2,0,74,0
8,0,0,0,0,3,0,0,42,0,2,11,0,148,0
14,0,0,0,0,3,0,0,89,0,2,43,0,250,0
14,1,2,0,0,2,0,0,59,6,2,88,1,181,0
16,0,1,0,0,1,0,0,36,14,1,53,0,162,0
15,4,5,3,6,2,0,0,19,5,0,131,3,103,0
14,5,10,3,4,1,0,0,22,10,0,209,4,56,1
15,2,6,0,3,6,0,2,14,25,4,149,2,71,0
1,0,0,0,0,0,0,0,0,0,0,0,0,12,0
3,0,0,0,0,0,0,0,0,0,0,0,0,66,0
16,0,0,0,0,0,0,0,42,0,4,23,0,269,0
1,0,0,0,0,1,0,0,0,0,0,0,0,24,0
2,0,0,0,0,0,0,0,19,0,0,8,0,35,0
1,0,0,0,0,0,0,0,0,0,0,0,0,20,0
2,0,0,0,0,0,0,0,4,0,0,4,0,24,0
4,0,0,0,0,1,0,0,0,0,1,0,0,51,0
1,0,0,0,0,0,0,0,9,0,0,2,0,18,0
5,0,2,0,2,0,0,0,6,0,0,46,0,22,0
8,2,4,2,2,1,0,0,6,3,0,106,1,26,0
7,6,6,5,6,3,3,3,1,12,0,150,1,26,1
9,5,5,7,9,1,1,1,2,10,1,141,2,11,1
5,0,0,1,2,3,0,0,0,0,0,0,0,60,0
2,0,0,0,2,0,0,0,0,0,2,0,0,4,0
1,0,0,0,0,0,0,0,6,0,0,2,0,15,0
1,0,0,0,0,0,0,0,0,0,0,0,0,21,0
1,0,0,0,0,0,0,0,7,0,0,8,0,13,0
1,0,0,0,0,0,0,0,0,0,0,0,0,17,0
15,0,0,0,0,0,0,0,10,0,3,0,0,308,0
16,0,0,0,0,0,0,0,14,0,1,0,0,253,0
16,0,2,0,0,3,0,1,15,14,2,64,0,117,0
15,1,4,0,0,2,0,1,49,0,1,119,1,128,0
14,0,3,0,0,1,0,0,50,12,3,85,0,146,0
3,0,0,0,0,2,0,0,27,0,0,0,0,70,0
3,0,0,0,0,2,0,0,18,0,0,4,0,49,0
1,0,0,0,0,0,0,0,0,0,0,0,0,24,0
11,0,0,0,0,4,0,0,38,0,3,18,0,187,0
10,0,0,0,0,1,0,0,40,0,2,2,0,196,0
16,0,0,0,0,2,0,0,11,4,3,15,0,214,0
1,0,0,0,0,0,0,0,3,0,0,2,0,12,0
1,0,0,0,0,0,0,0,0,0,0,0,0,14,0
1,0,0,0,0,0,0,0,16,0,0,0,0,27,0
13,0,0,0,0,0,0,0,9,0,0,0,0,287,0
13,0,0,0,0,3,0,0,55,0,1,15,0,236,0
14,0,0,0,0,3,0,0,30,4,4,34,0,187,0
11,0,0,0,0,1,0,0,110,0,1,29,0,236,0
2,0,0,0,0,1,0,0,24,0,0,1,0,49,0
1,0,0,0,0,0,0,0,10,0,0,0,0,22,0
9,0,0,0,0,1,0,0,59,0,0,8,0,193,0
4,0,0,0,0,1,0,0,0,0,0,0,0,83,0
2,0,0,0,0,1,0,0,0,0,2,0,0,43,0
3,0,0,0,0,0,0,0,6,0,1,0,0,66,0
11,0,0,0,0,0,0,0,47,0,2,7,0,231,0
21,0,0,0,0,1,0,0,62,18,1,92,0,234,0
17,0,2,0,0,1,0,0,32,36,0,105,0,125,0
5,0,0,0,0,0,0,0,13,1,0,0,0,89,0
3,0,1,0,0,1,0,0,5,0,1,15,0,26,0
16,0,0,0,0,3,0,0,38,11,2,86,0,140,0
16,0,0,0,0,2,0,0,39,1,3,43,0,198,0
17,0,0,0,0,5,0,0,54,2,4,31,0,224,0
1,0,1,0,0,0,0,0,4,0,0,15,0,7,0
15,0,1,0,0,2,0,0,59,2,2,36,0,226,0
1,0,0,0,0,0,0,0,0,0,0,0,0,9,0
5,0,1,0,0,1,0,0,12,0,1,19,0,52,0
1,0,0,0,0,0,0,0,5,0,0,10,0,10,0
16,0,0,0,0,1,0,0,43,1,4,14,0,253,0
8,0,0,0,0,0,0,0,38,0,0,0,0,208,0
1,0,0,0,0,0,0,0,10,0,0,0,0,25,0
1,0,0,0,0,0,0,0,0,0,0,0,0,21,0
1,0,0,0,0,0,0,0,0,0,0,0,0,21,0
1,0,0,0,0,0,0,0,6,0,0,8,0,12,0
1,0,0,0,0,0,0,0,7,0,0,0,0,18,0
3,0,0,0,0,1,0,0,6,0,0,12,0,40,0
3,0,0,0,0,1,0,0,23,0,0,16,0,46,0
1,0,0,0,0,0,0,0,0,0,0,0,0,18,0
4,0,0,0,0,0,0,0,5,0,0,8,0,54,0
2,0,0,0,0,0,0,0,2,0,0,8,0,12,0
2,0,0,0,0,0,0,0,0,0,0,0,0,18,0
2,0,0,0,0,1,0,0,16,0,0,2,0,45,0
1,0,0,0,0,0,0,0,5,0,0,0,0,16,0
2,0,0,0,0,1,0,0,0,0,2,0,0,43,0
16,0,0,0,0,3,0,0,38,0,3,6,0,353,0
4,0,0,0,0,1,0,0,12,0,1,1,0,85,0
1,0,0,0,0,0,0,0,0,0,1,0,0,7,0
4,0,0,0,0,0,0,0,7,0,0,4,0,54,0
7,0,0,0,0,0,0,0,24,0,0,0,0,150,0
12,0,0,0,0,2,0,0,27,3,1,18,0,195,0
6,0,0,0,0,1,0,0,44,0,1,22,0,113,0
2,0,0,0,0,0,0,0,0,0,1,0,0,18,0
14,0,0,0,0,6,0,0,36,6,6,18,0,204,0
16,0,1,1,2,1,0,1,19,6,3,27,0,136,0
14,0,2,0,0,1,0,0,19,5,1,52,0,120,0
15,0,0,0,0,0,0,0,60,0,2,32,0,229,0
11,0,0,0,0,2,0,0,12,0,4,13,0,143,0
15,0,0,0,0,0,0,0,14,0,1,4,0,311,0
16,0,1,0,0,0,0,0,12,0,3,19,0,193,0
15,0,0,0,0,3,0,0,21,0,1,19,0,228,0
14,0,1,0,0,3,0,1,54,3,1,33,0,215,0
13,0,0,0,0,1,0,0,23,0,1,1,0,228,0
15,0,0,0,0,4,0,0,50,2,2,62,0,185,0
16,0,0,0,0,3,0,0,54,0,2,50,0,221,0
14,0,0,0,0,3,0,0,42,0,1,1,0,282,0
11,0,0,0,0,0,0,0,15,0,4,20,0,171,0
1,0,0,0,0,0,0,0,27,0,0,12,0,31,0
1,0,0,0,1,0,0,0,0,31,0,0,0,2,0
3,0,0,0,0,0,0,0,0,42,0,0,0,30,0
3,0,0,0,0,0,0,0,21,0,0,0,0,81,0
1,0,0,0,0,0,0,0,2,0,0,8,0,8,0
1,0,0,0,0,0,0,0,0,18,0,0,0,9,0
1,0,0,0,0,0,0,0,7,0,0,10,0,12,0
2,0,0,0,0,0,0,0,0,0,2,0,0,40,0
1,0,0,0,0,0,0,0,0,0,0,0,0,15,0
17,0,0,0,0,3,0,0,30,12,2,0,0,273,0
4,0,0,0,0,0,0,0,11,0,1,0,0,84,0
1,0,0,0,0,0,0,0,0,4,1,0,0,12,0
1,0,0,0,0,0,0,0,7,0,0,1,0,17,0
1,0,0,0,0,0,0,0,0,9,0,0,0,16,0
1,0,0,0,0,0,0,0,0,0,0,0,0,22,0
2,0,0,0,0,0,0,0,4,0,1,0,0,34,0
21,0,0,0,0,1,0,0,27,21,2,14,0,290,0
17,0,0,0,0,1,0,0,48,2,2,4,0,285,0
22,0,0,0,0,5,0,0,28,17,0,3,0,296,0
11,0,0,0,0,2,0,0,16,1,2,5,0,152,0
4,0,0,0,0,1,0,0,4,1,0,18,0,38,0
5,0,0,0,0,0,0,0,9,0,3,6,0,69,0
1,0,0,0,0,0,0,0,0,0,0,0,0,10,0
1,0,0,0,0,0,0,0,0,5,1,0,0,28,0
1,0,0,0,0,0,0,0,15,0,0,10,0,20,0
1,0,1,0,0,0,0,0,10,0,0,18,0,12,0
1,0,0,0,0,0,0,0,16,0,0,0,0,27,0
1,0,0,0,0,0,0,0,7,0,0,0,0,24,0
1,0,0,0,0,1,0,0,8,0,0,0,0,21,0
1,0,0,0,0,0,0,0,0,0,0,0,0,19,0
1,0,0,0,0,0,0,0,0,0,1,0,0,11,0
2,0,0,0,0,0,0,0,13,0,0,8,0,31,0
9,0,0,0,0,1,0,0,37,6,0,38,0,116,0
14,0,0,0,0,3,0,0,17,3,3,22,0,177,0
6,0,0,0,0,0,0,0,15,0,0,0,0,116,0
11,0,0,0,0,2,0,0,16,0,3,2,0,220,0
5,0,0,0,0,1,0,0,0,0,0,0,0,91,0
8,0,0,0,0,0,0,0,0,0,0,0,0,187,0
2,0,0,0,0,0,0,0,0,0,1,0,0,44,0
13,0,3,0,0,1,0,1,37,0,2,70,0,138,0
16,2,6,7,10,3,2,2,14,29,1,123,1,48,0
16,2,8,8,9,0,0,0,3,10,1,174,0,39,0
15,2,8,1,4,0,0,0,16,5,1,190,2,61,0
16,8,11,13,15,3,3,3,2,18,2,275,1,20,1
14,6,7,12,14,3,1,1,0,15,3,174,0,16,0
15,6,11,9,10,1,1,1,7,20,1,231,1,29,1
16,7,12,8,11,4,3,3,1,10,0,287,0,29,1
15,3,7,1,5,2,0,0,6,10,2,150,3,42,0
16,5,7,1,3,5,3,4,11,11,1,207,4,60,0
3,0,0,3,3,0,0,0,0,12,3,0,0,3,0
1,0,0,0,0,0,0,0,0,0,0,0,0,20,0
1,0,0,0,0,0,0,0,0,0,0,0,0,9,0
1,0,0,0,0,1,0,0,0,10,0,0,0,17,0
1,0,0,0,0,0,0,0,0,0,1,0,0,18,0
3,0,0,0,0,2,0,0,0,0,2,0,0,66,0
2,0,0,0,0,1,0,0,0,0,0,0,0,47,0
1,0,0,0,0,1,0,0,0,0,0,0,0,22,0
1,0,0,0,0,0,0,0,11,0,0,1,0,21,0
6,0,0,0,0,2,0,0,22,0,0,0,0,123,0
2,0,0,0,0,0,0,0,0,0,1,0,0,46,0
1,0,0,0,0,0,0,0,8,0,0,0,0,20,0
1,0,0,0,0,0,0,0,0,0,0,0,0,23,0
5,0,0,0,0,1,0,0,9,2,1,0,0,98,0
9,0,0,0,0,2,0,0,52,3,1,33,0,138,0
15,0,0,0,0,2,0,0,24,0,4,8,0,263,0
5,0,0,0,0,0,0,0,0,0,1,0,0,124,0
10,0,0,0,0,1,0,0,24,0,0,4,0,219,0
1,0,0,0,0,0,0,0,0,0,0,0,0,21,0
1,0,0,0,0,0,0,0,0,0,0,0,0,20,0
1,0,0,0,0,0,0,0,0,0,0,0,0,18,0
1,0,0,0,0,0,0,0,0,0,1,0,0,23,0
1,0,0,0,0,0,0,0,0,3,0,0,0,23,0
1,0,0,0,0,0,0,0,23,0,0,1,0,33,0
1,0,0,0,0,0,0,0,9,0,0,0,0,30,0
1,0,1,0,0,1,0,1,8,0,0,18,0,10,0
1,0,0,0,0,0,0,0,13,0,0,0,0,28,0
2,0,0,0,0,0,0,0,0,21,1,0,0,36,0
1,0,0,0,0,0,0,0,2,0,0,10,0,7,0
1,0,0,0,0,0,0,0,18,0,0,0,0,31,0
1,0,0,0,0,0,0,0,14,0,0,0,0,33,0
1,0,0,0,0,1,0,0,0,4,0,0,0,22,0
1,0,0,0,0,0,0,0,3,0,0,0,0,16,0
1,0,0,0,0,0,0,0,1,0,0,0,0,15,0
1,0,0,0,0,0,0,0,0,9,0,0,0,20,0
1,0,0,0,0,0,0,0,0,9,0,0,0,8,0
1,1,1,1,1,0,0,0,0,0,0,25,0,1,0
1,1,1,0,0,0,0,0,18,0,0,25,1,19,0
1,0,0,0,0,0,0,0,0,20,1,0,0,5,0
1,0,0,0,0,1,0,0,0,0,0,0,0,19,0
1,0,0,0,0,0,0,0,13,0,0,0,0,29,0
1,0,0,0,0,0,0,0,0,6,0,0,0,15,0
2,0,0,0,0,0,0,0,10,0,0,0,0,34,0
7,0,1,0,0,0,0,0,27,0,0,35,0,88,0
5,0,0,0,0,0,0,0,6,0,0,4,0,69,0
6,0,0,0,0,2,0,0,14,0,0,14,0,73,0
5,0,0,0,0,0,0,0,22,0,0,16,0,75,0
2,0,0,0,0,0,0,0,5,0,0,2,0,31,0
7,0,0,0,0,3,0,0,28,0,1,20,0,104,0
1,0,0,0,0,0,0,0,12,0,0,0,0,25,0
1,0,0,0,0,0,0,0,20,0,0,0,0,33,0
1,0,0,0,0,0,0,0,3,0,1,0,0,17,0
1,0,0,0,0,0,0,0,0,1,0,0,0,24,0
1,0,0,0,0,0,0,0,4,0,0,1,0,14,0
1,0,0,0,0,0,0,0,9,0,0,0,0,22,0
8,0,0,0,0,2,0,0,38,0,0,2,0,179,0
2,0,0,0,0,0,0,0,13,0,0,1,0,45,0
2,0,0,0,0,0,0,0,17,0,0,16,0,29,0
1,0,0,0,0,0,0,0,0,1,0,0,0,10,0
2,0,0,0,0,1,0,0,1,0,0,0,0,30,0
1,0,0,0,0,1,0,0,8,0,0,1,0,18,0
1,0,0,0,0,0,0,0,11,0,0,0,0,22,0
1,0,0,0,0,0,0,0,12,0,0,8,0,18,0
1,0,0,0,0,0,0,0,0,0,1,0,0,13,0
1,0,0,0,0,0,0,0,0,4,0,0,0,25,0
2,0,0,0,0,0,0,0,7,12,0,0,0,38,0
2,0,0,0,0,0,0,0,19,0,0,0,0,62,0
1,0,0,0,0,0,0,0,6,0,0,0,0,32,0
1,0,0,0,0,0,0,0,9,0,0,0,0,29,0
1,0,0,0,0,0,0,0,0,5,0,0,0,9,0
1,1,1,0,0,0,0,0,13,0,0,25,1,14,0
1,0,0,0,0,0,0,0,4,0,0,8,0,10,0
1,0,0,0,0,0,0,0,16,0,0,6,0,23,0
1,0,0,0,0,0,0,0,7,0,0,2,0,16,0
1,0,0,0,0,0,0,0,0,22,1,0,0,4,0
1,0,0,0,0,0,0,0,0,5,0,0,0,7,0
1,0,0,0,0,0,0,0,17,0,0,4,0,25,0
1,0,0,0,0,0,0,0,24,0,0,10,0,29,0
1,0,0,0,0,0,0,0,0,15,0,0,0,17,0
1,0,0,0,0,0,0,0,0,21,0,0,0,5,0
1,0,0,0,0,0,0,0,5,0,0,0,0,21,0
2,0,0,0,0,0,0,0,8,0,0,0,0,40,0
1,0,0,0,0,0,0,0,0,0,0,0,0,19,0
1,0,0,0,0,0,0,0,0,0,0,0,0,21,0
2,0,0,0,0,1,0,0,12,0,0,0,0,48,0
1,0,0,0,0,0,0,0,1,0,0,0,0,15,0
4,0,0,0,0,0,0,0,11,0,0,0,0,74,0
21,0,0,0,0,1,0,0,50,28,2,4,0,327,0
3,0,0,0,0,1,0,0,15,0,1,1,0,56,0
10,0,0,0,0,2,0,0,61,0,2,1,0,221,0
11,0,0,0,0,1,0,0,75,0,2,5,0,227,0
10,0,0,0,0,1,0,0,73,0,1,14,0,212,0
1,0,0,0,0,0,0,0,0,0,0,0,0,25,0
2,0,0,0,0,1,0,0,5,0,1,0,0,40,0
2,0,0,0,0,0,0,0,8,0,0,1,0,41,0
1,0,0,0,0,1,0,0,13,0,0,1,0,23,0
14,0,0,0,0,1,0,0,70,0,2,21,0,267,0
1,0,0,0,0,0,0,0,4,0,0,0,0,17,0
1,0,0,0,0,0,0,0,0,0,0,0,0,25,0
1,0,0,0,0,0,0,0,0,0,0,0,0,14,0
3,0,0,0,0,0,0,0,5,0,0,0,0,42,0
1,0,0,0,0,0,0,0,0,0,0,0,0,31,0
3,0,1,0,0,0,0,0,10,0,1,15,0,44,0
1,0,0,0,0,0,0,0,10,0,0,6,0,17,0
4,0,0,0,0,1,0,0,23,0,0,22,0,66,0
1,0,0,0,0,0,0,0,0,0,0,0,0,13,0
3,0,0,0,0,1,0,0,14,0,1,6,0,55,0
1,0,0,0,0,0,0,0,10,0,0,1,0,20,0
1,0,0,0,0,0,0,0,4,0,0,4,0,12,0
3,0,0,0,0,1,0,0,0,0,0,0,0,53,0
3,0,0,0,0,0,0,0,5,0,0,0,0,44,0
1,0,0,0,0,0,0,0,0,0,1,0,0,16,0
1,0,0,0,0,0,0,0,8,0,0,4,0,16,0
1,0,0,0,0,0,0,0,8,0,0,2,0,17,0
2,0,0,0,0,0,0,0,15,0,0,10,0,33,0
7,1,2,0,0,0,0,0,27,0,0,60,1,67,0
8,1,6,0,0,1,0,1,49,1,0,121,1,74,0
8,0,1,0,0,2,0,0,28,0,0,57,0,87,0
9,1,5,0,1,1,0,0,13,1,0,110,1,40,0
10,0,3,0,0,2,0,1,18,6,1,60,0,67,0
10,0,2,0,0,0,0,0,12,2,0,56,0,71,0
10,0,1,0,0,1,0,1,18,0,0,46,0,97,0
4,0,0,0,0,1,0,0,13,0,0,18,0,48,0
9,0,0,0,0,1,0,0,6,1,1,18,0,70,0
11,1,3,0,1,3,0,0,28,2,2,79,1,86,0
9,0,3,0,0,0,0,0,37,0,0,102,0,74,0
3,0,1,0,0,0,0,0,9,0,0,18,0,31,0
1,0,0,0,0,0,0,0,0,0,0,0,0,15,0
5,0,0,0,0,0,0,0,28,0,1,10,0,98,0
4,0,0,0,0,1,0,0,0,0,3,0,0,67,0
14,0,0,1,1,1,0,0,33,0,4,20,0,140,0
15,0,1,0,0,6,0,0,42,7,3,35,0,195,0
16,0,0,0,0,1,0,0,27,7,6,19,0,162,0
14,0,0,0,0,0,0,0,29,0,2,20,0,186,0
18,0,0,0,0,5,0,0,49,0,2,0,0,400,0
8,0,0,0,0,0,0,0,5,23,0,2,0,93,0
20,0,0,0,0,2,0,0,52,13,3,31,0,285,0
1,0,0,0,0,0,0,0,19,0,0,2,0,28,0
1,0,0,0,0,0,0,0,0,0,0,0,0,30,0
1,0,0,0,0,0,0,0,3,0,0,1,0,13,0
1,0,0,0,0,0,0,0,0,7,1,0,0,9,0
1,0,0,0,0,0,0,0,6,0,0,0,0,20,0
2,0,0,0,0,0,0,0,6,0,0,0,0,32,0
2,0,0,0,0,0,0,0,15,0,0,3,0,34,0
1,0,0,0,0,0,0,0,9,0,0,4,0,17,0
6,0,0,0,0,2,0,0,17,0,0,6,0,96,0
8,0,0,0,0,1,0,0,43,5,1,23,0,118,0
7,0,0,0,0,1,0,0,64,0,0,21,0,132,0
1,0,0,0,0,0,0,0,0,0,0,0,0,17,0
1,0,0,0,0,0,0,0,17,0,0,6,0,24,0
1,0,0,0,0,0,0,0,0,3,0,0,0,15,0
1,0,0,0,0,0,0,0,7,0,0,0,0,19,0
1,0,0,0,0,0,0,0,0,0,0,0,0,10,0
3,0,0,0,0,0,0,0,11,0,0,10,0,56,0
1,0,0,0,0,0,0,0,0,0,0,0,0,6,0
4,0,1,0,0,0,0,0,5,0,1,15,0,35,0
1,0,0,0,0,0,0,0,0,1,0,6,0,6,0
1,0,0,0,0,0,0,0,8,0,0,12,0,12,0
11,0,0,0,0,2,0,0,39,0,1,20,0,179,0
15,0,1,0,0,2,0,0,25,0,2,38,0,180,0
13,0,1,0,1,3,0,0,28,11,3,46,0,146,0
14,1,3,1,5,4,0,2,14,9,4,84,1,89,0
16,0,0,0,0,3,0,0,30,0,1,51,0,154,0
3,0,1,0,1,0,0,0,4,11,1,18,0,13,0
10,0,0,1,1,0,0,0,12,10,0,22,0,88,0
15,0,2,0,1,2,0,0,14,9,0,80,0,118,0
15,3,4,1,4,3,0,1,7,13,2,112,2,99,0
14,1,6,0,1,4,0,0,31,11,0,136,1,98,0
13,0,0,0,0,2,0,0,11,3,1,14,0,164,0
17,1,6,0,2,2,0,0,26,1,3,158,1,113,0
16,4,7,2,5,1,0,0,27,28,2,162,3,90,0
15,0,4,0,1,2,0,0,33,0,2,98,0,142,0
14,1,8,0,1,1,1,1,11,2,0,169,1,64,0
15,2,7,2,6,6,2,4,11,21,1,162,1,53,0
2,0,1,0,0,0,0,0,6,0,1,18,0,14,0
19,0,0,0,0,1,0,0,42,10,0,18,0,235,0
21,0,0,0,0,3,0,0,39,26,1,46,0,253,0
20,0,0,0,0,1,0,0,32,3,4,54,0,233,0
21,0,0,0,0,1,0,0,34,23,1,53,0,215,0
21,0,1,0,0,1,0,0,51,27,0,96,0,216,0
17,0,1,0,0,1,0,0,38,13,2,104,0,142,0
22,0,4,0,1,5,0,2,56,25,0,164,0,174,0
5,0,0,0,0,0,0,0,13,0,1,14,0,64,0
4,0,0,0,0,0,0,0,14,0,0,5,0,48,0
1,0,0,0,0,1,0,0,8,0,0,12,0,12,0
1,0,0,0,0,0,0,0,0,12,0,0,0,10,0
3,0,1,0,0,0,0,0,5,0,0,19,0,21,0
4,0,1,0,0,1,0,1,22,0,0,37,0,44,0
1,0,0,0,0,0,0,0,5,0,0,8,0,11,0
21,0,0,0,0,1,0,0,45,12,3,39,0,259,0
21,2,10,7,8,1,0,0,3,18,2,260,0,90,0
17,0,2,0,0,1,0,0,26,13,3,98,0,144,0
22,0,1,2,2,5,0,0,23,21,1,161,0,142,0
20,0,0,0,0,2,0,0,60,0,0,0,0,427,0
19,0,0,0,0,0,0,0,46,0,0,0,0,377,0
1,0,0,0,0,0,0,0,10,0,0,8,0,16,0
2,0,0,0,0,2,0,0,6,0,0,6,0,30,0
1,0,0,0,0,0,0,0,3,0,0,0,0,28,0
1,0,0,0,0,0,0,0,0,3,0,0,0,27,0
1,0,0,0,0,0,0,0,0,0,0,0,0,16,0
2,0,0,0,0,1,0,0,17,0,0,6,0,34,0
2,0,0,0,0,0,0,0,0,0,0,0,0,41,0
1,0,0,0,0,0,0,0,7,0,0,12,0,11,0
5,0,0,0,0,2,0,0,21,0,1,6,0,101,0
9,0,0,0,0,0,0,0,82,0,1,14,0,210,0
4,0,0,0,0,1,0,0,34,0,0,12,0,84,0
6,0,0,0,0,2,0,0,15,0,1,12,0,89,0
8,0,0,0,0,0,0,0,12,2,0,11,0,98,0
2,0,0,0,0,0,0,0,0,0,0,0,0,23,0
1,0,0,0,0,0,0,0,0,1,0,4,0,7,0
10,0,4,0,1,1,0,0,26,12,0,88,0,63,0
11,0,1,3,6,3,0,0,5,10,2,39,0,32,0
6,0,1,0,2,0,0,0,1,0,0,15,0,24,0
13,0,3,0,2,0,0,0,29,2,0,93,0,83,0
10,0,1,1,2,2,0,0,4,17,2,44,0,62,0
11,0,1,1,2,2,0,0,25,19,0,61,0,89,0
5,0,0,0,0,2,0,0,10,0,0,9,0,86,0
3,0,0,0,0,1,0,0,3,0,0,2,0,60,0
2,0,0,0,0,1,0,0,18,0,0,0,0,42,0
8,0,0,0,0,1,0,0,18,1,2,14,0,91,0
1,0,0,0,0,0,0,0,6,0,0,1,0,16,0
3,0,0,0,0,1,0,0,0,0,1,0,0,19,0
1,0,0,0,0,0,0,0,0,0,0,0,0,27,0
1,0,0,0,0,1,0,0,5,0,0,6,0,12,0
9,0,0,0,0,1,0,0,22,0,1,24,0,121,0
2,0,0,0,0,2,0,0,8,0,0,0,0,45,0
2,0,0,0,0,1,0,0,0,0,0,0,0,47,0
14,0,0,0,0,0,0,0,53,0,0,14,0,300,0
14,0,0,0,0,0,0,0,63,0,1,22,0,268,0
4,0,0,0,0,1,0,0,51,0,0,16,0,89,0
10,0,0,0,0,1,0,0,60,0,1,14,0,201,0
14,0,0,0,0,4,0,0,112,0,2,44,0,272,0
15,0,0,0,0,1,0,0,70,0,1,42,0,244,0
1,0,0,0,0,0,0,0,0,0,0,0,0,23,0
18,0,0,0,0,3,0,0,28,3,3,12,0,246,0
15,0,0,0,0,0,0,0,27,10,1,36,0,165,0
15,0,0,0,0,1,0,0,11,1,3,8,0,191,0
3,0,0,0,0,0,0,0,5,0,0,0,0,69,0
19,0,0,0,0,0,0,0,45,3,0,10,0,326,0
17,0,0,0,0,2,0,0,42,0,3,1,0,303,0
9,0,0,0,0,0,0,0,31,0,1,0,0,190,0
1,0,0,0,0,0,0,0,6,0,0,0,0,21,0
3,0,0,0,0,0,0,0,8,0,0,1,0,54,0
1,0,0,0,0,0,0,0,0,1,0,0,0,19,0
1,0,0,0,0,0,0,0,0,7,0,0,0,11,0
3,0,0,0,0,0,0,0,0,43,0,2,0,18,0
1,0,0,0,0,0,0,0,0,7,0,0,0,5,0
1,0,0,0,0,0,0,0,0,6,0,0,0,9,0
1,0,0,0,0,0,0,0,13,0,0,0,0,25,0
1,0,0,0,0,0,0,0,11,0,0,0,0,25,0
1,0,0,0,0,0,0,0,5,0,1,0,0,29,0
1,0,0,0,0,0,0,0,1,0,1,0,0,29,0
8,1,4,1,2,0,0,0,7,8,0,103,1,30,0
11,0,3,1,3,2,0,1,2,2,3,53,0,61,0
10,0,2,0,3,2,0,1,14,12,3,59,0,47,0
14,0,0,1,1,1,0,0,27,12,2,41,0,138,0
15,1,7,1,5,3,1,3,19,8,0,173,1,69,0
14,1,3,0,3,4,0,1,14,20,1,95,1,83,0
15,1,4,1,3,3,0,1,30,25,1,119,0,94,0
15,0,0,0,0,2,0,0,45,0,5,42,0,193,0
12,0,0,0,0,1,0,0,42,0,0,21,0,223,0
15,1,5,0,0,2,0,0,50,0,2,112,1,151,0
4,0,0,0,0,0,0,0,11,0,0,2,0,70,0
4,0,0,0,0,2,0,0,0,0,1,0,0,56,0
1,0,0,0,0,0,0,0,0,0,0,0,0,20,0
1,0,0,0,0,0,0,0,0,0,0,0,0,25,0
9,0,0,0,0,0,0,0,49,0,0,36,0,130,0
5,0,0,0,0,0,0,0,9,0,1,12,0,63,0
1,0,1,0,0,0,0,0,5,0,0,18,0,7,0
1,0,0,0,0,0,0,0,6,0,0,4,0,14,0
1,0,0,0,0,0,0,0,0,10,0,0,0,18,0
1,0,0,0,0,0,0,0,0,0,0,2,0,9,0
1,0,0,0,0,0,0,0,20,0,0,1,0,30,0
2,0,0,0,0,0,0,0,7,0,0,0,0,35,0
1,0,0,0,0,0,0,0,0,0,0,0,0,26,0
1,0,0,0,0,0,0,0,0,0,0,0,0,4,0
4,0,0,0,0,1,0,0,0,5,0,21,0,21,0
9,0,0,0,0,0,0,0,30,0,1,1,0,223,0
3,0,0,0,0,1,0,0,4,0,0,6,0,42,0
16,0,0,0,0,2,0,0,29,7,1,34,0,180,0
11,0,0,0,0,1,0,0,11,7,2,11,0,128,0
3,0,0,0,0,0,0,0,8,0,1,6,0,50,0
1,0,0,0,0,0,0,0,8,0,0,0,0,22,0
2,0,0,0,0,0,0,0,24,0,0,0,0,51,0
16,3,10,2,12,5,0,2,7,17,1,204,3,39,0
16,6,11,2,7,1,1,1,11,8,2,252,5,43,0
17,4,9,7,12,3,0,1,11,4,5,196,2,42,0
16,8,10,9,16,3,1,1,4,7,2,258,4,23,1
17,0,1,0,0,3,0,0,33,12,2,42,0,209,0
15,1,1,0,0,3,1,1,34,3,1,90,1,132,0
16,0,0,0,0,2,0,0,12,3,5,49,0,156,0
4,0,2,0,0,0,0,0,4,0,0,45,0,25,0
7,0,0,0,1,1,0,0,0,4,1,1,0,49,0
8,0,3,0,0,2,0,0,36,4,0,85,0,73,0
7,1,2,1,1,1,0,1,5,12,1,52,1,37,0
10,0,3,0,2,2,0,1,13,14,0,69,0,58,0
10,2,2,2,5,0,0,0,2,30,0,60,2,26,0
9,0,5,0,1,1,0,0,17,5,0,90,0,55,0
8,0,0,0,0,3,0,0,14,0,0,26,0,86,0
11,1,2,0,2,1,0,1,3,0,0,40,1,50,0
9,0,0,0,0,2,0,0,4,0,0,14,0,84,0
3,0,0,0,0,0,0,0,11,0,0,8,0,47,0
11,0,0,0,0,1,0,0,28,0,0,0,0,248,0
20,0,0,0,0,2,0,0,62,12,0,10,0,294,0
19,0,0,0,0,0,0,0,14,44,2,20,0,200,0
19,3,8,0,2,2,1,1,49,7,0,226,3,118,0
19,0,2,0,1,1,0,0,32,34,0,92,0,154,0
21,1,8,1,4,3,0,1,14,24,0,256,1,82,0
20,1,9,0,0,1,0,1,58,1,1,200,1,155,0
21,2,2,2,2,1,0,0,53,0,2,170,1,171,0
21,0,0,0,0,1,0,0,27,24,2,54,0,223,0
17,0,2,0,0,1,0,0,26,15,0,117,0,129,0
22,1,1,0,1,5,0,0,41,9,0,119,1,213,0
19,0,0,0,0,2,0,0,26,20,0,8,0,212,0
19,0,1,0,0,1,0,0,47,11,1,95,0,184,0
21,0,1,0,0,3,0,0,34,13,1,25,0,288,0
15,0,0,0,0,1,0,0,23,15,2,5,0,184,0
21,0,1,0,0,1,0,1,66,6,2,37,0,281,0
17,0,0,0,0,1,0,0,33,14,1,32,0,208,0
1,0,0,0,0,0,0,0,0,1,0,0,0,29,0
2,0,0,0,0,1,0,0,15,0,1,6,0,48,0
2,0,0,0,0,0,0,0,0,0,0,0,0,44,0
13,0,0,0,0,1,0,0,67,0,1,20,0,266,0
1,0,0,0,0,0,0,0,0,0,0,0,0,8,0
1,0,0,0,0,0,0,0,0,0,0,0,0,14,0
1,0,0,0,0,0,0,0,1,0,0,0,0,13,0
2,0,0,0,0,0,0,0,0,0,0,0,0,25,0
3,0,0,0,0,0,0,0,0,0,0,0,0,67,0
1,0,0,0,0,0,0,0,0,0,1,0,0,13,0
1,0,0,0,0,0,0,0,1,0,0,0,0,20,0
1,0,0,0,0,0,0,0,6,0,0,0,0,20,0
6,0,0,0,0,1,0,0,0,0,0,0,0,158,0
1,0,0,0,0,1,0,0,5,0,1,0,0,23,0
1,0,0,0,0,1,0,0,0,0,1,0,0,22,0
10,0,0,0,0,2,0,0,28,2,0,3,0,198,0
8,0,0,0,0,0,0,0,9,0,1,0,0,188,0
16,0,0,0,0,1,0,0,73,0,2,1,0,387,0
8,0,1,0,0,0,0,0,6,1,1,58,0,45,0
17,1,8,5,7,3,0,1,2,4,4,154,0,45,0
16,0,2,0,0,3,0,1,21,5,4,83,0,132,0
17,2,4,0,0,3,0,0,27,5,4,120,2,129,0
16,1,9,3,10,3,0,0,14,13,1,185,0,50,0
16,2,6,0,6,2,0,0,5,7,1,148,2,44,0
16,3,11,2,8,5,0,3,10,13,1,232,3,44,0
17,2,10,2,3,2,1,2,36,9,0,211,2,81,0
17,1,6,0,1,1,0,0,28,4,1,158,1,100,0
16,1,3,0,1,2,0,0,49,9,1,126,1,136,0
18,0,0,0,0,3,0,0,23,8,2,71,0,169,0
19,0,0,0,0,0,0,0,40,7,3,69,0,209,0
18,0,1,0,0,2,0,0,54,2,1,44,0,255,0
17,0,0,0,0,3,0,0,34,5,3,39,0,227,0
18,0,1,0,0,5,0,0,36,9,5,28,0,231,0
2,0,0,0,0,0,0,0,7,0,0,2,0,34,0
3,0,0,0,0,1,0,0,21,0,0,7,0,48,0
1,0,0,0,0,0,0,0,0,0,0,0,0,14,0
1,0,0,0,0,0,0,0,12,0,0,1,0,22,0
2,0,0,0,0,0,0,0,24,0,0,8,0,40,0
2,0,0,0,0,0,0,0,0,0,0,0,0,42,0
1,0,0,0,0,0,0,0,0,0,0,0,0,15,0
1,0,0,0,0,0,0,0,0,0,0,0,0,22,0
1,0,0,0,0,0,0,0,0,0,0,0,0,22,0
1,0,0,0,0,0,0,0,11,0,0,0,0,23,0
1,0,0,0,0,0,0,0,0,0,0,0,0,14,0
1,0,0,0,0,0,0,0,5,0,0,0,0,19,0
4,0,0,0,0,0,0,0,22,0,0,2,0,90,0
3,0,0,0,0,1,0,0,12,0,1,0,0,60,0
1,0,0,0,0,0,0,0,17,0,0,0,0,32,0
1,0,0,0,0,0,0,0,0,0,0,0,0,33,0
2,0,0,0,0,0,0,0,11,0,0,12,0,27,0
6,0,0,0,0,0,0,0,4,0,0,26,0,56,0
9,0,4,0,2,3,0,1,16,0,1,63,0,70,0
11,2,8,0,2,1,0,1,21,2,0,161,2,60,1
12,2,3,0,0,3,0,0,32,1,1,116,2,82,0
11,1,2,0,3,0,0,0,16,11,0,82,1,53,0
11,0,4,0,1,0,0,0,42,1,0,105,0,99,0
10,0,0,0,0,2,0,0,15,0,1,42,0,83,0
12,1,7,0,3,2,0,0,19,14,0,137,1,61,0
15,1,3,1,4,2,0,1,14,46,0,117,1,68,0
15,1,2,0,0,3,0,0,63,1,2,91,1,180,0
2,0,0,0,0,0,0,0,0,0,0,0,0,23,0
1,0,0,0,0,0,0,0,0,0,0,0,0,15,0
2,0,0,0,0,0,0,0,7,0,0,8,0,28,0
1,0,0,0,0,0,0,0,0,0,0,0,0,23,0
2,0,0,0,0,0,0,0,0,0,0,0,0,54,0
1,0,0,0,0,1,0,0,14,0,0,0,0,25,0
6,0,0,0,0,1,0,0,28,0,0,13,0,102,0
6,0,0,0,0,1,0,0,26,0,1,4,0,121,0
14,0,0,0,0,1,0,0,63,0,3,31,0,247,0
8,0,0,0,0,3,0,0,36,0,0,10,0,157,0
15,0,0,0,0,1,0,0,49,2,5,60,0,207,0
1,0,0,0,0,0,0,0,0,0,0,0,0,22,0
10,0,0,0,0,0,0,0,4,1,2,1,0,152,0
15,0,0,0,0,1,0,0,39,3,3,52,0,159,0
15,0,4,0,0,0,0,0,12,4,3,78,0,87,0
15,0,0,0,0,3,0,0,27,1,1,42,0,165,0
10,0,0,0,0,0,0,0,24,0,2,13,0,133,0
16,0,0,0,0,0,0,0,17,1,2,20,0,181,0
16,0,0,0,0,3,0,0,49,0,3,90,0,167,0
15,0,0,0,0,3,0,0,61,1,3,49,0,212,0
16,0,0,0,0,1,0,0,35,0,1,29,0,235,0
15,0,0,0,0,5,0,0,45,19,4,29,0,198,0
1,0,0,0,0,0,0,0,0,0,0,0,0,11,0
1,0,0,0,0,0,0,0,0,0,0,0,0,24,0
1,0,0,0,0,0,0,0,0,0,0,0,0,18,0
1,0,0,0,0,1,0,0,0,14,0,0,0,18,0
1,0,0,0,0,0,0,0,0,1,0,10,0,4,0
1,0,0,1,1,0,0,0,0,26,1,0,0,1,0
1,0,0,0,0,0,0,0,0,16,0,0,0,4,0
1,0,0,0,0,0,0,0,0,27,0,0,0,4,0
16,0,0,0,0,1,0,0,90,0,4,52,0,269,0
15,0,2,0,0,2,0,1,35,1,2,70,0,151,0
14,1,5,2,4,1,0,0,18,2,3,116,1,77,0
15,0,0,0,0,6,0,0,35,8,2,50,0,160,0
10,2,6,1,1,1,0,1,14,20,1,126,2,48,0
1,0,0,0,0,0,0,0,16,0,0,2,0,25,0
2,0,0,0,0,0,0,0,7,0,0,0,0,52,0
5,0,0,0,0,0,0,0,18,0,0,2,0,111,0
1,0,0,0,0,1,0,0,6,0,0,0,0,17,0
1,0,0,0,0,0,0,0,0,14,0,0,0,10,0
1,0,0,0,0,0,0,0,4,0,0,12,0,8,0
1,0,0,0,0,0,0,0,8,0,1,0,0,27,0
1,0,0,0,0,0,0,0,0,12,1,0,0,15,0
1,0,0,0,0,0,0,0,0,1,0,6,0,6,0
1,0,0,0,0,0,0,0,6,0,0,0,0,21,0
1,0,1,0,0,0,0,0,23,0,0,15,0,26,0
1,0,0,0,0,0,0,0,4,0,0,0,0,21,0
1,0,0,0,0,0,0,0,6,0,0,6,0,13,0
1,0,0,0,0,0,0,0,3,0,0,0,0,25,0
1,0,0,0,0,0,0,0,0,11,0,0,0,11,0
1,0,1,0,0,0,0,0,4,0,0,18,0,6,0
1,0,0,0,0,0,0,0,0,0,0,0,0,14,0
1,0,0,0,0,0,0,0,7,0,0,0,0,18,0
1,0,0,0,0,1,0,0,0,0,0,0,0,14,0
1,0,0,0,0,1,0,0,1,0,0,0,0,13,0
1,0,0,0,0,0,0,0,0,4,0,4,0,4,0
1,0,0,0,0,0,0,0,2,0,0,12,0,6,0
2,0,1,0,0,0,0,0,6,15,0,15,0,18,0
2,0,0,0,0,0,0,0,7,4,0,12,0,22,0
1,0,0,0,0,0,0,0,7,0,0,0,0,18,0
1,0,0,0,0,0,0,0,5,0,0,6,0,12,0
1,0,0,0,0,0,0,0,15,0,0,0,0,27,0
1,0,0,0,0,1,0,0,0,26,0,0,0,7,0
1,0,0,0,0,0,0,0,8,0,0,0,0,32,0
1,0,0,0,0,0,0,0,0,6,0,0,0,10,0
1,0,0,0,0,0,0,0,16,0,0,0,0,33,0
1,0,0,1,1,0,0,0,0,9,0,1,0,1,0
1,0,0,0,0,0,0,0,0,21,0,0,0,4,0
1,0,0,0,0,0,0,0,15,0,1,0,0,26,0
2,0,0,0,0,0,0,0,0,1,0,0,0,31,0
2,0,0,0,0,1,0,0,3,0,0,6,0,21,0
1,0,0,0,0,1,0,0,0,0,0,0,0,17,0
1,0,0,0,0,0,0,0,13,0,0,0,0,31,0
1,0,0,0,0,0,0,0,0,1,0,0,0,29,0
1,0,0,0,0,0,0,0,0,9,0,0,0,14,0
1,0,0,0,0,0,0,0,0,22,0,0,0,7,0
1,0,0,0,1,0,0,0,0,26,1,0,0,2,0
1,0,0,0,0,0,0,0,0,0,0,0,0,25,0
14,0,0,0,0,1,0,0,5,0,1,0,0,290,0
14,0,0,0,0,6,0,0,55,0,2,50,0,229,0
14,0,3,0,0,1,0,0,32,0,1,57,0,218,0
15,0,4,0,1,1,0,0,25,4,0,84,0,115,0
14,0,0,0,0,0,0,0,13,3,1,18,0,184,0
16,0,0,0,0,3,0,0,14,8,1,3,0,244,0
1,0,0,0,0,0,0,0,0,0,0,0,0,10,0
16,0,0,0,0,0,0,0,32,0,0,50,0,186,0
16,0,1,0,0,3,0,0,28,0,0,48,0,208,0
14,0,1,0,0,3,0,0,114,0,4,49,0,306,0
2,0,0,0,0,1,0,0,2,0,1,8,0,27,0
13,0,0,0,0,1,0,0,20,9,5,36,0,120,0
17,0,1,0,0,3,0,0,11,16,1,54,0,129,0
16,0,1,0,0,3,0,0,11,0,4,59,0,126,0
17,0,5,0,0,3,0,2,36,7,5,95,0,159,0
16,0,8,0,1,3,0,2,28,6,2,173,0,87,0
16,4,9,0,3,2,0,0,36,3,0,237,4,86,0
16,0,0,0,0,5,0,0,24,14,4,42,0,155,0
16,0,1,0,0,2,0,0,30,0,3,39,0,201,0
17,0,1,0,0,1,0,0,45,0,1,46,0,262,0
1,0,0,0,0,0,0,0,8,0,0,0,0,24,0
1,0,0,0,0,0,0,0,18,0,0,6,0,25,0
1,0,0,0,0,0,0,0,0,6,0,0,0,16,0
1,0,0,0,0,0,0,0,19,0,0,0,0,32,0
1,0,0,0,0,0,0,0,17,0,0,0,0,32,0
1,0,0,0,0,0,0,0,0,5,0,0,0,20,0
1,0,0,0,0,0,0,0,17,0,0,2,0,26,0
1,0,0,0,0,0,0,0,0,0,0,4,0,8,0
1,0,0,0,0,0,0,0,1,0,0,8,0,7,0
1,0,0,0,0,0,0,0,0,0,0,0,0,22,0
1,0,0,0,0,0,0,0,10,0,0,0,0,24,0
1,0,0,0,0,0,0,0,9,0,0,0,0,22,0
1,0,0,0,0,0,0,0,0,9,0,0,0,13,0
1,0,0,0,0,0,0,0,0,9,0,0,0,14,0
1,0,0,0,0,0,0,0,0,6,1,0,0,26,0
1,0,0,0,0,0,0,0,3,0,1,0,0,29,0
1,0,0,0,1,0,0,0,0,21,0,0,0,2,0
1,0,0,0,0,0,0,0,0,4,0,0,0,18,0
1,0,0,0,1,0,0,0,0,15,1,0,0,2,0
1,0,0,1,1,0,0,0,0,20,0,0,0,1,0
1,0,0,0,0,0,0,0,0,0,0,0,0,24,0
1,0,0,0,0,0,0,0,0,0,0,0,0,12,0
1,0,0,0,0,0,0,0,7,0,0,8,0,13,0
1,0,0,0,0,0,0,0,5,0,0,6,0,12,0
1,0,0,0,0,0,0,0,0,0,0,0,0,20,0
3,0,0,0,0,0,0,0,12,0,0,0,0,76,0
1,0,0,0,0,0,0,0,0,0,0,0,0,10,0
2,0,0,0,0,0,0,0,0,0,0,0,0,28,0
1,0,0,0,0,1,0,0,10,0,0,10,0,15,0
2,0,0,0,0,0,0,0,0,0,0,0,0,31,0
1,0,0,0,0,0,0,0,5,0,0,8,0,11,0
14,0,0,0,0,2,0,0,64,0,2,24,0,285,0
14,0,1,0,0,1,0,0,34,7,5,54,0,166,0
14,0,0,0,0,5,0,0,46,0,1,88,0,158,0
15,1,1,0,0,1,0,0,59,0,3,93,1,193,0
13,0,0,1,1,1,0,0,7,0,2,12,0,104,0
16,0,4,1,4,1,0,0,17,8,0,145,0,90,0
15,1,3,1,1,3,0,1,25,4,0,135,1,98,0
4,0,0,0,0,0,0,0,6,0,0,4,0,68,0
9,0,0,0,0,4,0,0,28,0,3,8,0,208,0
13,0,0,0,0,1,0,0,51,0,5,14,0,276,0
2,0,0,0,0,0,0,0,12,0,0,0,0,51,0
1,0,0,0,0,0,0,0,0,24,1,0,0,9,0
5,0,0,0,0,1,0,0,34,0,0,0,0,117,0
1,0,0,0,0,0,0,0,0,0,0,0,0,23,0
9,0,0,0,0,2,0,0,58,0,3,17,0,158,0
11,0,0,0,0,1,0,0,11,2,3,1,0,202,0
13,0,0,0,0,3,0,0,53,6,1,23,0,182,0
5,1,1,0,0,0,0,0,25,0,0,41,1,71,0
10,0,3,0,1,1,0,0,40,3,0,68,0,94,0
12,5,8,3,4,2,1,2,15,9,0,176,3,46,1
15,3,8,1,4,2,0,1,30,22,1,175,3,82,0
15,3,7,2,2,3,1,2,31,9,0,182,1,76,1
13,2,6,0,2,4,1,2,28,6,0,146,2,85,0
15,0,0,0,0,3,0,0,48,8,2,26,0,260,0
14,0,0,0,0,2,0,0,72,1,0,47,0,240,0
16,0,1,0,0,1,0,0,64,0,2,82,0,202,0
15,0,0,0,0,2,0,0,67,2,0,24,0,273,0
14,0,1,0,0,1,0,0,80,0,1,27,0,279,0
2,0,0,0,0,0,0,0,19,0,1,0,0,49,0
17,0,0,0,0,2,0,0,55,0,3,7,0,315,0
10,0,0,0,0,1,0,0,14,0,1,1,0,172,0
1,0,0,0,0,1,0,0,0,0,0,0,0,16,0
1,0,0,0,0,0,0,0,0,0,0,0,0,26,0
2,0,0,0,0,0,0,0,4,0,0,0,0,28,0
16,0,0,0,0,1,0,0,58,0,0,40,0,249,0
12,0,0,0,0,2,0,0,24,0,0,10,0,239,0
14,0,1,0,0,0,0,0,91,0,2,29,0,261,0
4,0,0,0,0,1,0,0,19,2,0,6,0,67,0
1,0,0,0,0,1,0,0,0,0,0,0,0,25,0
1,0,0,0,0,0,0,0,4,0,0,10,0,9,0
1,0,0,0,0,1,0,0,12,0,0,2,0,21,0
3,0,0,0,0,1,0,0,18,0,1,1,0,59,0
13,0,0,0,0,4,0,0,85,0,0,7,0,294,0
14,0,0,0,0,2,0,0,64,0,2,41,0,195,0
14,0,0,0,0,5,0,0,59,7,0,17,0,237,0
15,0,0,0,0,1,0,0,84,0,0,29,0,295,0
1,0,0,0,0,0,0,0,12,0,0,4,0,20,0
1,0,0,0,0,0,0,0,4,0,0,0,0,20,0
1,0,0,0,0,0,0,0,3,0,0,1,0,13,0
1,0,0,0,0,0,0,0,0,0,0,0,0,12,0
1,0,0,0,0,0,0,0,17,0,0,0,0,29,0
1,0,0,0,0,0,0,0,17,0,0,0,0,32,0
1,0,0,0,0,0,0,0,0,0,0,0,0,31,0
1,0,0,0,0,0,0,0,0,0,0,0,0,33,0
19,0,0,0,0,0,0,0,61,10,1,6,0,310,0
19,0,0,0,0,2,0,0,27,16,2,0,0,298,0
21,0,0,0,0,3,0,0,21,20,1,0,0,293,0
9,0,0,0,0,1,0,0,33,2,0,0,0,184,0
20,0,0,0,0,1,0,0,38,9,1,87,0,190,0
21,0,0,0,0,1,0,0,30,9,3,49,0,213,0
17,0,1,0,0,1,0,0,35,6,0,62,0,171,0
22,1,1,0,0,5,1,1,35,14,1,77,1,235,0
16,0,0,0,0,3,0,0,31,0,5,4,0,323,0
1,0,0,0,0,0,0,0,0,0,0,0,0,21,0
2,0,0,0,0,0,0,0,5,0,0,10,0,23,0
1,0,0,0,0,0,0,0,6,0,0,4,0,14,0
2,0,0,0,0,0,0,0,0,0,1,0,0,16,0
7,0,2,1,1,1,0,0,13,0,1,51,0,54,0
10,0,1,0,2,1,0,0,0,2,1,19,0,27,0
1,0,0,0,0,0,0,0,0,0,0,0,0,4,0
7,0,0,0,0,3,0,0,47,0,2,16,0,166,0
2,0,0,0,0,0,0,0,7,0,0,10,0,23,0
4,0,1,0,0,0,0,0,10,0,0,37,0,32,0
2,0,0,0,0,0,0,0,8,0,0,10,0,23,0
8,0,1,0,1,1,0,0,23,0,0,35,0,60,0
16,0,0,0,0,1,0,0,34,0,5,46,0,190,0
18,0,0,0,0,3,0,0,57,8,2,43,0,241,0
19,0,0,0,0,0,0,0,56,10,0,40,0,226,0
18,2,7,3,7,2,0,0,34,20,2,200,0,120,0
16,3,10,6,7,3,0,2,18,9,0,228,0,67,0
18,6,10,6,10,5,2,3,6,35,1,240,3,53,0
9,0,1,0,0,2,0,0,21,8,0,57,0,78,0
19,0,5,0,1,5,0,2,42,35,1,144,0,147,0
19,0,0,0,0,2,0,0,6,18,1,118,0,110,0
20,0,2,0,0,2,0,1,43,14,1,122,0,197,0
19,0,1,0,1,0,0,0,26,25,2,112,0,151,0
19,0,3,1,1,2,0,0,27,30,4,116,0,142,0
19,0,2,0,0,1,0,0,28,26,0,121,0,141,0
21,0,0,0,0,3,0,0,28,21,1,53,0,217,0
19,0,0,0,0,1,0,0,39,19,1,43,0,195,0
19,0,0,0,0,1,0,0,46,12,0,27,0,258,0
21,0,0,0,0,3,0,0,63,6,1,2,0,393,0
16,0,0,0,0,2,0,0,62,0,0,1,0,311,0
16,1,4,2,2,2,0,1,36,2,0,137,0,126,0
18,0,4,1,1,3,0,0,53,1,2,146,0,136,0
19,7,15,6,9,0,0,0,35,10,0,322,3,75,1
18,7,14,6,6,2,0,1,23,2,0,321,3,77,1
17,4,12,2,9,3,1,2,12,7,1,266,2,54,0
18,2,3,0,1,5,0,1,38,15,2,154,2,124,0
17,0,1,1,2,2,0,0,29,16,1,73,0,151,0
19,5,10,2,3,5,1,1,39,21,1,252,3,110,0
19,1,10,0,1,2,0,1,27,4,1,257,1,87,0
20,3,13,2,3,2,1,2,55,3,2,278,2,122,0
19,2,9,0,0,0,0,0,48,10,1,242,2,114,0
19,0,2,0,0,2,0,1,25,5,0,159,0,124,0
18,0,0,0,0,1,0,0,47,5,1,11,0,282,0
20,0,0,0,0,3,0,0,52,16,1,54,0,243,0
19,0,0,0,0,1,0,0,33,12,2,17,0,242,0
21,0,0,0,0,1,0,0,56,5,2,50,0,277,0
22,0,1,0,0,5,0,0,41,19,0,81,0,231,0
2,0,0,0,0,1,0,0,9,0,1,0,0,40,0
7,0,0,0,0,0,0,0,10,0,1,0,0,141,0
1,0,0,0,0,0,0,0,0,0,0,0,0,26,0
1,0,0,0,0,1,0,0,4,0,0,0,0,16,0
2,0,0,0,0,0,0,0,0,0,0,0,0,52,0
3,0,0,0,0,0,0,0,0,0,1,0,0,33,0
1,0,0,0,0,0,0,0,9,0,0,2,0,18,0
1,0,0,0,0,0,0,0,0,0,0,0,0,16,0
1,0,0,0,0,0,0,0,0,0,0,0,0,16,0
9,0,0,0,0,0,0,0,21,5,0,22,0,106,0
11,1,4,0,0,2,0,0,19,3,3,91,1,86,0
12,0,2,0,0,2,0,0,19,6,1,53,0,112,0
14,0,7,0,1,2,0,0,19,2,1,156,0,97,0
13,0,0,0,0,1,0,0,50,0,2,15,0,238,0
4,0,0,0,0,1,0,0,0,0,1,0,0,79,0
1,0,0,0,0,0,0,0,10,0,0,0,0,23,0
1,0,0,0,0,0,0,0,0,0,0,0,0,25,0
10,0,0,0,0,2,0,0,34,0,0,0,0,226,0
2,0,0,0,0,0,0,0,0,0,0,0,0,44,0
1,0,0,0,0,0,0,0,0,0,1,0,0,24,0
1,0,0,0,0,0,0,0,14,0,0,0,0,33,0
1,0,0,0,0,0,0,0,0,0,1,0,0,19,0
7,0,0,0,0,1,0,0,8,0,0,4,0,101,0
2,0,0,0,2,2,0,0,0,49,0,0,0,4,0
1,0,0,0,0,0,0,0,0,6,0,0,0,11,0
1,0,0,1,1,0,0,0,0,26,0,0,0,1,0
1,0,0,0,1,0,0,0,0,2,0,12,0,2,0
1,0,0,0,0,0,0,0,18,0,0,8,0,24,0
1,0,0,0,0,0,0,0,0,28,1,0,0,4,0
1,0,0,0,0,0,0,0,0,5,0,0,0,7,0
1,0,0,0,0,0,0,0,0,18,0,0,0,4,0
1,0,0,0,0,0,0,0,4,0,0,1,0,14,0
1,0,0,0,0,0,0,0,6,0,0,2,0,15,0
2,0,0,0,0,1,0,0,12,0,0,8,0,33,0
1,0,0,0,0,0,0,0,5,0,0,6,0,12,0
3,0,0,0,0,0,0,0,8,0,1,1,0,55,0
1,0,0,0,0,0,0,0,0,0,0,0,0,27,0
8,0,0,0,0,0,0,0,49,0,0,4,0,183,0
6,0,0,0,0,1,0,0,38,0,1,18,0,118,0
4,0,0,0,0,0,0,0,11,0,0,0,0,98,0
4,0,0,0,0,1,0,0,37,0,0,4,0,88,0
11,0,0,0,0,3,0,0,1,0,1,0,0,201,0
1,0,0,0,0,1,0,0,5,0,0,0,0,19,0
1,0,0,0,0,0,0,0,0,0,0,0,0,30,0
17,0,0,0,0,5,0,0,106,0,2,6,0,366,0
4,0,0,0,0,2,0,0,7,0,0,0,0,80,0
1,0,0,0,0,0,0,0,11,0,0,0,0,22,0
1,0,0,0,0,0,0,0,0,8,0,0,0,20,0
1,0,0,0,0,1,0,0,15,0,0,0,0,31,0
1,0,0,0,0,0,0,0,0,10,0,0,0,18,0
2,0,0,0,0,0,0,0,0,25,1,2,0,12,0
1,0,0,0,0,0,0,0,0,6,0,0,0,17,0
1,0,0,0,0,0,0,0,11,0,0,0,0,22,0
1,0,0,0,0,0,0,0,4,0,0,1,0,14,0
1,0,0,0,0,0,0,0,0,2,0,0,0,9,0
1,0,0,0,0,0,0,0,10,0,0,0,0,24,0
2,0,0,0,0,0,0,0,3,0,0,2,0,29,0
1,0,0,0,0,0,0,0,9,0,0,6,0,16,0
6,0,0,0,0,1,0,0,11,0,1,0,0,149,0
2,0,0,0,0,0,0,0,12,0,1,0,0,49,0
1,0,0,0,0,1,0,0,0,0,0,0,0,20,0
1,0,0,0,0,0,0,0,0,0,0,0,0,10,0
1,0,1,0,0,0,0,0,23,0,0,18,0,25,0
1,0,0,0,0,1,0,0,0,4,0,4,0,4,0
1,0,0,0,0,0,0,0,0,9,0,0,0,21,0
1,0,0,0,0,0,0,0,6,0,0,4,0,14,0
1,0,0,0,0,0,0,0,0,0,0,0,0,15,0
2,0,0,0,0,0,0,0,0,0,0,0,0,35,0
8,0,0,0,0,0,0,0,19,1,0,1,0,142,0
1,0,0,0,0,1,0,0,6,0,0,0,0,21,0
11,0,1,0,0,2,0,0,55,4,2,25,0,208,0
1,0,0,0,0,0,0,0,0,2,0,0,0,13,0
2,0,0,0,0,0,0,0,16,0,0,0,0,66,0
21,0,0,0,0,1,0,0,44,2,1,0,0,372,0
17,0,0,0,1,1,0,0,28,26,3,2,0,254,0
22,0,1,0,1,5,0,1,29,27,2,25,0,286,0
1,0,0,0,0,0,0,0,0,0,0,0,0,20,0
1,0,0,0,0,1,0,0,0,0,0,0,0,20,0
1,0,0,0,0,0,0,0,0,0,0,0,0,16,0
1,0,0,0,0,0,0,0,0,0,0,0,0,28,0
3,0,0,0,0,0,0,0,32,0,0,8,0,63,0
16,0,0,0,0,3,0,0,54,1,3,37,0,222,0
16,1,2,0,2,0,0,0,20,20,1,74,1,105,0
16,2,3,3,5,0,0,0,15,2,1,116,0,77,0
16,1,5,1,2,3,0,1,12,10,2,147,1,61,0
14,1,3,0,3,3,0,0,1,0,4,61,1,69,0
16,0,7,2,9,1,0,0,2,35,3,157,0,43,0
16,1,6,2,4,4,0,3,9,3,1,145,0,63,0
15,2,5,0,0,2,0,0,17,2,1,157,2,67,0
15,0,1,0,0,4,0,0,28,7,3,62,0,137,0
16,1,6,2,3,1,0,0,15,9,0,131,0,93,0
17,0,6,1,2,3,0,0,8,6,1,122,0,71,0
16,0,2,0,1,3,0,0,12,14,2,87,0,92,0
14,1,2,1,1,2,0,0,45,8,1,113,0,127,0
2,0,0,0,0,0,0,0,11,0,0,12,0,31,0
1,0,0,0,0,0,0,0,10,0,0,2,0,19,0
1,0,0,0,0,0,0,0,0,0,0,0,0,12,0
1,0,0,0,0,0,0,0,0,0,0,0,0,24,0
2,0,0,0,0,1,0,0,14,0,0,13,0,28,0
4,0,0,0,0,0,0,0,11,0,1,2,0,69,0
3,0,0,0,0,2,0,0,9,0,1,0,0,76,0
1,0,0,0,0,0,0,0,0,0,0,0,0,20,0
1,0,0,0,0,0,0,0,11,0,0,2,0,20,0
3,1,1,0,0,1,0,0,11,0,1,25,1,37,0
4,0,0,0,0,1,0,0,24,0,0,23,0,57,0
5,0,0,0,0,1,0,0,5,0,0,0,0,96,0
6,0,0,0,0,0,0,0,39,0,0,15,0,105,0
1,0,0,0,0,0,0,0,0,0,0,0,0,19,0
1,0,0,0,0,0,0,0,0,0,0,0,0,16,0
1,0,0,0,0,0,0,0,0,0,0,0,0,17,0
8,0,0,0,0,2,0,0,20,0,2,4,0,141,0
17,0,2,0,1,3,0,1,30,14,4,97,0,141,0
16,0,2,1,1,3,0,0,18,2,4,88,0,113,0
16,0,1,0,0,2,0,0,39,0,3,58,0,168,0
17,0,3,0,0,5,0,1,47,4,2,80,0,175,0
17,0,1,0,0,2,0,0,62,11,1,40,0,258,0
16,0,0,0,0,1,0,0,33,5,2,54,0,179,0
16,1,1,0,0,2,1,1,26,1,0,33,1,222,0
18,0,0,0,0,3,0,0,73,1,1,71,0,221,0
19,1,3,1,3,0,0,0,12,14,3,144,0,109,0
18,1,5,1,5,2,0,1,21,10,1,183,0,101,0
16,0,0,0,0,3,0,0,29,2,1,63,0,175,0
18,0,0,0,0,5,0,0,44,1,5,1,0,330,0
17,0,1,1,1,2,0,0,65,1,1,24,0,273,0
18,0,0,0,0,3,0,0,21,0,3,0,0,328,0
3,0,0,0,0,0,0,0,2,0,1,0,0,55,0
16,0,0,0,0,4,0,0,64,0,3,22,0,263,0
15,0,0,0,0,3,0,0,65,0,2,11,0,284,0
16,0,0,0,0,1,0,0,26,3,5,20,0,224,0
10,0,1,0,0,1,0,0,26,2,1,25,0,138,0
7,0,0,0,0,1,0,0,33,1,0,7,0,110,0
19,0,0,0,0,0,0,0,37,4,3,0,0,368,0
1,0,0,0,0,1,0,0,13,0,0,4,0,21,0
3,0,0,0,0,0,0,0,28,0,0,10,0,66,0
1,0,0,0,0,0,0,0,16,0,0,0,0,30,0
3,0,0,0,0,1,0,0,37,0,0,9,0,68,0
3,0,0,0,0,0,0,0,5,2,1,0,0,46,0
16,1,2,0,2,1,0,1,17,17,3,77,1,109,0
15,3,7,1,3,2,2,2,12,8,0,173,2,76,0
14,0,0,0,0,1,0,0,50,13,1,50,0,171,0
15,2,3,1,2,6,0,1,18,8,3,84,2,105,0
4,0,1,0,1,0,0,0,1,0,1,18,0,15,0
4,0,0,0,0,1,0,0,10,0,0,0,0,81,0
4,0,0,0,0,0,0,0,15,0,0,0,0,70,0
1,0,0,0,0,0,0,0,0,0,0,0,0,22,0
14,0,0,0,0,2,0,0,12,1,4,0,0,235,0
1,0,0,0,0,0,0,0,0,0,0,0,0,17,0
4,0,0,0,0,0,0,0,14,0,0,19,0,49,0
2,0,0,0,0,0,0,0,0,0,0,0,0,30,0
2,0,0,0,0,0,0,0,13,0,0,4,0,33,0
2,0,0,0,0,0,0,0,0,0,0,0,0,23,0
1,0,0,0,0,0,0,0,0,0,0,0,0,26,0
4,0,0,0,0,1,0,0,0,0,2,0,0,95,0
3,0,0,0,0,0,0,0,15,0,1,1,0,60,0
1,0,0,0,0,0,0,0,0,0,0,0,0,20,0
1,0,0,0,0,0,0,0,6,0,0,0,0,21,0
1,0,0,0,0,0,0,0,0,0,0,12,0,4,0
9,0,0,0,0,0,0,0,6,4,1,8,0,134,0
7,0,0,0,0,0,0,0,0,2,1,8,0,77,0
8,0,1,0,1,1,0,0,2,1,3,21,0,40,0
8,0,0,0,1,2,0,0,0,6,1,22,0,45,0
9,4,6,1,7,1,1,1,6,12,0,158,4,21,1
10,2,5,2,6,2,0,1,4,16,0,107,1,26,0
10,2,5,1,3,0,0,0,12,9,0,126,2,35,0
10,2,6,4,5,1,0,0,13,7,0,151,0,36,0
9,0,3,0,0,3,0,1,13,0,1,60,0,65,0
11,0,2,3,5,1,0,0,6,3,1,48,0,58,0
12,3,6,2,3,3,0,1,11,6,1,143,2,56,1
10,1,2,0,0,0,0,0,20,4,2,77,1,66,0
11,0,0,0,0,0,0,0,61,0,0,39,0,186,0
11,0,0,0,0,2,0,0,34,0,3,21,0,147,0
12,0,0,0,0,2,0,0,80,0,1,32,0,215,0
12,0,0,0,0,2,0,0,41,0,0,3,0,246,0
15,0,0,0,0,3,0,0,131,0,0,28,0,307,0
2,0,0,0,0,0,0,0,19,0,0,1,0,41,0
1,0,0,0,0,1,0,0,0,0,0,0,0,28,0
1,0,0,0,0,0,0,0,0,0,0,0,0,12,0
7,0,0,0,0,1,0,0,21,0,3,6,0,158,0
15,0,2,0,0,3,0,0,29,1,3,48,0,218,0
16,1,2,0,0,2,1,1,24,15,2,76,1,158,0
1,0,0,0,0,0,0,0,0,0,0,0,0,30,0
1,0,0,0,0,0,0,0,0,0,0,0,0,30,0
1,0,0,0,0,0,0,0,0,0,0,0,0,22,0
7,0,0,0,0,1,0,0,57,0,0,10,0,149,0
4,0,0,0,0,1,0,0,21,0,1,0,0,98,0
5,0,0,0,0,2,0,0,14,0,0,3,0,71,0
7,0,0,0,0,0,0,0,36,0,0,6,0,125,0
1,0,0,0,0,0,0,0,0,0,0,0,0,11,0
2,0,0,0,0,1,0,0,17,0,0,2,0,40,0
1,0,0,0,0,0,0,0,14,0,0,0,0,25,0
2,0,0,0,0,1,0,0,0,0,0,0,0,44,0
11,0,0,0,0,1,0,0,58,0,2,6,0,222,0
1,0,0,0,0,0,0,0,5,0,0,2,0,14,0
5,0,1,0,0,2,0,1,8,0,0,27,0,35,0
1,0,0,0,0,0,0,0,6,0,0,12,0,10,0
1,0,0,0,0,0,0,0,0,0,0,0,0,11,0
3,0,0,0,0,0,0,0,9,0,0,2,0,56,0
2,0,0,0,0,0,0,0,0,0,1,0,0,30,0
1,0,0,0,0,0,0,0,4,0,0,8,0,10,0
3,0,0,0,0,1,0,0,3,5,0,2,0,35,0
1,0,0,0,0,1,0,0,11,0,0,0,0,22,0
1,0,0,0,0,0,0,0,0,0,0,0,0,25,0
1,0,0,0,0,0,0,0,0,3,0,0,0,8,0
1,0,0,0,0,0,0,0,0,0,0,0,0,14,0
2,0,0,0,0,0,0,0,15,0,0,0,0,52,0
12,0,0,0,0,3,0,0,28,0,3,28,0,182,0
5,0,0,0,0,2,0,0,5,0,3,4,0,54,0
16,0,0,0,0,3,0,0,28,0,4,40,0,212,0
15,0,2,0,1,2,0,0,36,8,1,69,0,154,0
16,0,0,0,0,1,0,0,32,0,7,10,0,304,0
14,0,0,0,0,2,0,0,32,0,2,14,0,270,0
1,0,0,0,0,0,0,0,7,0,0,1,0,17,0
1,0,0,0,0,0,0,0,3,0,0,0,0,14,0
2,0,0,0,0,0,0,0,9,0,0,6,0,34,0
2,0,0,0,0,0,0,0,6,0,0,0,0,37,0
3,0,0,0,0,1,0,0,23,0,0,6,0,66,0
11,0,0,0,0,3,0,0,62,0,3,14,0,249,0
3,0,0,0,0,1,0,0,23,0,0,2,0,66,0
2,0,0,0,0,1,0,0,12,0,1,0,0,47,0
1,0,0,0,0,0,0,0,0,0,0,0,0,26,0
1,0,0,0,0,0,0,0,9,0,0,6,0,16,0
2,0,0,0,0,0,0,0,10,0,1,4,0,38,0
2,0,0,0,0,1,0,0,5,0,0,0,0,39,0
4,0,0,0,0,2,0,0,15,0,0,0,0,74,0
7,0,0,0,0,1,0,0,11,0,0,14,0,83,0
6,0,0,0,0,4,0,0,16,0,0,14,0,79,0
7,0,0,0,0,0,0,0,7,5,0,16,0,82,0
7,0,0,0,0,2,0,0,2,4,1,13,0,50,0
9,0,1,0,0,0,0,0,14,2,0,53,0,83,0
10,0,1,0,1,0,0,0,22,3,1,74,0,73,0
8,0,0,0,0,0,0,0,7,1,1,40,0,54,0
1,0,0,0,0,0,0,0,0,0,0,0,0,9,0
1,0,0,0,0,0,0,0,0,0,0,0,0,24,0
9,0,0,0,0,1,0,0,41,0,1,9,0,184,0
10,0,0,0,0,1,0,0,52,0,1,8,0,220,0
7,0,0,0,0,0,0,0,18,0,0,15,0,86,0
14,0,0,0,0,6,0,0,46,0,4,48,0,194,0
17,0,1,0,0,3,0,1,49,10,1,87,0,182,0
18,1,3,1,4,5,0,1,13,38,1,136,1,79,0
17,0,0,0,1,2,0,0,29,7,4,58,0,187,0
19,0,0,0,0,5,0,0,52,3,2,0,0,359,0
19,0,0,0,0,2,0,0,35,1,1,0,0,344,0
20,0,0,0,0,2,0,0,48,9,0,0,0,370,0
2,0,0,0,0,0,0,0,0,9,0,0,0,19,0
1,0,0,0,0,1,0,0,0,0,0,0,0,14,0
1,0,0,0,0,1,0,0,0,0,0,0,0,20,0
15,0,0,0,0,1,0,0,21,5,3,56,0,131,0
17,0,1,0,0,3,0,0,52,1,1,94,0,176,0
16,0,0,0,0,3,0,0,26,0,3,50,0,169,0
17,1,7,1,8,3,0,2,10,17,3,151,1,61,0
16,0,1,0,0,3,0,0,26,12,3,91,0,119,0
16,2,6,1,3,2,1,1,25,6,1,181,2,85,0
17,0,2,0,1,5,0,0,13,21,2,61,0,134,0
15,0,0,0,0,2,0,0,16,12,4,43,0,144,0
11,0,0,0,0,1,0,0,18,2,0,16,0,151,0
16,0,1,0,0,2,0,0,41,2,2,37,0,212,0
4,0,0,0,0,1,0,0,16,0,0,0,0,64,0
5,0,0,0,0,1,0,0,40,0,0,6,0,88,0
1,0,0,0,0,0,0,0,13,0,0,2,0,22,0
2,0,0,0,0,0,0,0,12,0,1,1,0,45,0
1,0,0,0,0,0,0,0,0,0,0,0,0,14,0
1,0,0,0,0,1,0,0,0,0,1,0,0,11,0
2,0,0,0,0,0,0,0,11,0,0,2,0,39,0
1,0,0,0,0,0,0,0,12,0,0,10,0,17,0
13,0,1,0,0,0,0,0,41,2,1,63,0,148,0
10,0,0,0,0,1,0,0,32,0,0,24,0,145,0
9,0,0,0,0,2,0,0,42,0,3,4,0,162,0
3,0,0,0,0,0,0,0,12,0,0,5,0,53,0
12,0,0,0,0,3,0,0,45,0,2,3,0,261,0
7,0,0,0,0,1,0,0,31,0,0,2,0,163,0
1,0,0,0,0,1,0,0,0,4,0,0,0,21,0
1,0,0,0,0,0,0,0,11,0,0,8,0,17,0
1,0,0,0,0,0,0,0,0,7,0,0,0,12,0
1,0,0,0,0,0,0,0,10,0,0,0,0,21,0
4,0,0,0,0,0,0,0,24,0,0,22,0,57,0
3,0,0,0,0,1,0,0,27,0,1,1,0,65,0
1,0,0,0,0,0,0,0,0,0,0,0,0,12,0
1,0,0,0,0,0,0,0,6,0,0,10,0,11,0
1,0,0,0,0,0,0,0,0,0,1,0,0,13,0
3,0,0,0,0,1,0,0,8,0,0,4,0,50,0
4,0,0,0,0,1,0,0,15,0,0,14,0,75,0
3,0,0,0,0,1,0,0,0,0,1,0,0,70,0
1,0,0,0,0,1,0,0,5,0,0,0,0,20,0
3,0,0,0,0,1,0,0,8,0,1,0,0,58,0
4,0,0,0,0,1,0,0,17,0,0,14,0,58,0
5,0,0,0,0,0,0,0,8,0,2,1,0,74,0
1,0,0,0,0,0,0,0,1,0,0,2,0,10,0
9,0,0,0,0,1,0,0,26,1,0,34,0,121,0
10,0,0,0,0,2,0,0,39,0,1,27,0,160,0
14,0,0,0,0,2,0,0,66,0,1,19,0,256,0
2,0,0,0,0,1,0,0,11,0,0,4,0,39,0
1,0,0,0,0,1,0,0,18,0,0,2,0,27,0
1,0,0,0,0,0,0,0,0,0,0,0,0,14,0
1,0,0,0,0,1,0,0,8,0,0,1,0,18,0
7,0,0,0,0,0,0,0,32,0,0,6,0,166,0
7,0,0,0,0,1,0,0,33,0,0,8,0,165,0
12,0,0,0,0,0,0,0,27,0,1,4,0,291,0
2,0,0,0,0,1,0,0,12,0,0,0,0,50,0
1,0,0,0,0,0,0,0,0,0,0,0,0,21,0
1,0,0,0,0,1,0,0,5,0,0,0,0,22,0
2,0,0,0,0,0,0,0,4,0,0,6,0,27,0
4,0,0,0,0,0,0,0,11,0,0,8,0,63,0
3,0,0,0,0,0,0,0,10,0,0,1,0,63,0
3,0,0,0,0,2,0,0,33,0,0,0,0,73,0
2,0,0,0,0,1,0,0,9,0,0,0,0,32,0
2,0,0,0,0,0,0,0,0,0,0,0,0,39,0
1,0,0,0,0,0,0,0,0,0,0,0,0,19,0
1,0,0,0,0,0,0,0,0,0,1,0,0,17,0
1,0,0,0,0,0,0,0,9,0,0,0,0,20,0
1,0,0,0,0,0,0,0,9,0,0,0,0,22,0
3,0,0,0,0,1,0,0,7,0,1,0,0,56,0
1,0,0,0,0,0,0,0,0,0,1,0,0,16,0
13,0,0,0,0,2,0,0,21,0,4,1,0,260,0
1,0,0,0,0,1,0,0,0,0,0,0,0,20,0
4,0,0,0,0,0,0,0,4,5,0,18,0,29,0
1,0,0,0,0,0,0,0,9,0,0,0,0,20,0
2,0,0,0,0,0,0,0,12,0,0,6,0,38,0
6,0,0,0,0,0,0,0,9,0,0,22,0,76,0
8,0,3,0,1,1,0,0,9,9,1,75,0,42,0
6,1,1,0,0,2,0,0,13,3,0,38,1,66,0
8,0,0,0,0,0,0,0,7,14,1,14,0,54,0
7,0,0,0,0,2,0,0,9,0,2,26,0,60,0
7,0,0,0,0,0,0,0,24,0,1,22,0,87,0
6,0,0,0,0,1,0,0,15,0,0,3,0,97,0
2,0,0,0,0,0,0,0,0,0,0,0,0,33,0
2,0,0,0,0,0,0,0,18,0,1,12,0,46,0
2,0,0,0,0,0,0,0,0,0,0,0,0,50,0
15,0,0,0,0,0,0,0,65,0,3,11,0,328,0
15,0,2,0,0,3,0,0,45,6,0,74,0,138,0
16,0,0,0,0,3,0,0,18,0,2,0,0,247,0
13,0,1,0,0,1,0,0,27,0,0,31,0,201,0
14,0,0,0,0,3,0,0,7,8,5,12,0,201,0
13,0,0,0,0,3,0,0,15,5,4,21,0,129,0
1,0,0,0,0,1,0,0,0,0,1,0,0,18,0
2,0,0,0,0,0,0,0,11,0,0,4,0,35,0
2,0,0,0,0,0,0,0,5,0,0,0,0,33,0
1,0,0,0,0,0,0,0,5,0,0,0,0,18,0
1,0,0,0,0,0,0,0,2,0,0,0,0,18,0
1,0,0,0,0,0,0,0,0,0,0,0,0,25,0
1,0,0,0,0,0,0,0,0,0,0,0,0,28,0
6,0,0,0,0,0,0,0,26,0,0,20,0,92,0
9,0,0,0,0,0,0,0,19,4,1,38,0,99,0
8,2,5,1,5,0,0,0,2,3,0,110,1,19,1
8,5,5,3,6,1,0,0,3,2,0,137,2,22,1
8,0,0,1,2,2,0,0,6,0,1,20,0,70,0
8,0,0,0,0,1,0,0,14,3,2,46,0,70,0
10,0,1,0,1,2,0,0,19,11,2,60,0,66,0
10,0,2,0,1,0,0,0,2,12,0,44,0,58,0
6,0,1,0,1,1,0,0,19,5,0,41,0,40,0
9,4,5,3,3,3,2,2,9,0,0,130,2,37,1
11,2,6,2,4,1,1,1,16,6,0,152,2,43,0
11,0,0,0,0,3,0,0,10,2,1,11,0,117,0
8,0,2,2,2,0,0,0,12,2,2,53,0,46,0
13,1,4,1,2,0,0,0,13,5,1,77,1,99,0
2,0,0,0,0,1,0,0,0,0,0,0,0,49,0
2,0,0,0,0,1,0,0,28,0,0,22,0,37,0
1,0,0,0,0,0,0,0,0,0,0,0,0,16,0
2,0,0,0,0,0,0,0,3,0,0,4,0,30,0
2,0,0,0,0,0,0,0,0,0,0,0,0,27,0
1,0,0,0,0,0,0,0,0,0,0,0,0,15,0
2,0,0,0,0,1,0,0,0,0,0,0,0,46,0
1,0,0,0,0,1,0,0,0,8,1,0,0,6,0
1,0,1,0,0,0,0,0,0,0,0,15,0,3,0
1,0,0,0,0,0,0,0,0,8,0,0,0,3,0
1,0,0,0,0,0,0,0,0,2,0,10,0,3,0
1,0,1,1,1,0,0,0,0,2,0,15,0,1,0
1,0,0,0,0,0,0,0,0,23,0,0,0,3,0
1,0,0,0,0,0,0,0,0,1,0,0,0,24,0
1,0,0,0,0,0,0,0,8,0,0,0,0,19,0
1,0,0,0,0,0,0,0,0,15,0,0,0,10,0
1,0,0,0,0,0,0,0,0,13,0,0,0,14,0
1,0,0,0,0,1,0,0,7,0,1,0,0,30,0
1,0,0,0,0,0,0,0,0,1,0,0,0,18,0
5,0,0,0,0,2,0,0,25,0,1,16,0,80,0
4,0,0,0,0,1,0,0,20,0,1,5,0,71,0
1,0,0,0,0,0,0,0,14,0,0,10,0,19,0
8,0,1,0,1,2,0,0,23,0,1,25,0,87,0
10,0,0,0,0,0,0,0,13,0,1,14,0,125,0
13,0,0,0,0,0,0,0,15,0,1,16,0,139,0
3,0,0,0,0,0,0,0,19,0,1,8,0,57,0
1,0,0,0,0,0,0,0,0,0,0,0,0,14,0
13,0,1,0,0,2,0,1,47,0,3,20,0,235,0
1,0,0,0,0,0,0,0,7,0,0,2,0,16,0
1,0,0,0,0,0,0,0,0,0,0,0,0,23,0
1,0,0,0,0,0,0,0,0,0,0,0,0,20,0
1,0,0,0,0,0,0,0,0,0,0,0,0,24,0
10,1,5,0,2,1,0,1,12,1,0,112,1,48,0
8,1,1,0,0,3,0,0,6,2,1,47,1,50,0
11,0,2,0,0,1,0,0,11,0,0,33,0,95,0
10,3,4,0,3,3,2,3,16,3,0,124,3,51,0
11,6,7,2,5,0,0,0,10,1,1,180,5,29,1
13,1,4,4,7,0,0,0,4,7,0,78,1,40,0
11,6,7,6,8,2,1,1,4,13,0,178,2,24,1
11,4,5,2,4,2,0,0,13,13,2,136,3,36,0
14,5,8,3,4,2,0,0,39,11,0,221,3,72,1
1,0,0,0,0,1,0,0,0,0,1,0,0,16,0
3,0,0,0,0,0,0,0,9,0,0,8,0,49,0
9,1,4,1,1,3,1,1,14,3,0,94,1,63,0
11,2,5,2,3,0,0,0,9,0,0,120,0,67,0
13,3,5,4,5,0,0,0,5,8,1,124,3,39,0
11,1,3,2,5,2,1,1,4,2,1,66,0,50,0
12,1,4,4,5,2,0,2,12,13,0,90,0,58,0
12,0,1,0,0,1,0,0,43,9,1,69,0,113,0
15,0,2,0,0,3,0,1,38,0,1,50,0,196,0
9,0,1,0,0,2,0,0,45,0,0,28,0,155,0
8,0,0,0,0,1,0,0,40,0,0,12,0,134,0
1,0,0,0,0,0,0,0,7,0,0,1,0,17,0
3,0,0,0,0,0,0,0,10,0,0,0,0,59,0
8,0,0,0,0,1,0,0,26,0,1,18,0,137,0
5,0,0,0,0,1,0,0,3,0,0,0,0,79,0
10,0,1,0,0,3,0,0,26,0,1,18,0,171,0
16,0,3,1,1,3,0,1,21,11,1,78,0,140,0
17,1,2,0,2,2,0,0,28,12,2,89,1,150,0
16,0,2,0,0,1,0,0,53,14,1,101,0,162,0
15,2,6,4,4,2,0,0,9,1,1,117,0,72,0
14,1,5,1,3,1,0,1,32,10,0,119,1,92,0
15,2,7,1,1,6,1,2,55,1,3,147,2,140,0
15,0,1,0,0,1,0,0,28,0,5,25,0,248,0
13,0,0,0,0,1,0,0,73,0,2,64,0,195,0
16,0,0,0,0,1,0,0,44,0,0,30,0,228,0
15,0,3,0,0,3,0,0,81,0,2,68,0,238,0
8,0,2,0,0,0,0,0,25,0,0,65,0,76,0
2,0,0,0,0,1,0,0,0,0,0,0,0,34,0
3,0,0,0,0,1,0,0,19,0,0,7,0,51,0
2,0,0,0,0,0,0,0,12,0,0,1,0,44,0
2,0,0,0,0,0,0,0,12,0,1,6,0,32,0
3,0,0,0,0,1,0,0,8,0,0,4,0,49,0
16,4,11,3,9,3,0,1,13,16,2,226,4,49,0
16,7,8,9,12,3,0,0,2,7,4,222,2,35,1
16,0,2,0,1,3,0,0,27,9,3,115,0,107,0
16,0,0,0,0,2,0,0,5,6,3,7,0,169,0
17,0,0,0,0,5,0,0,37,15,1,92,0,148,0
17,0,2,0,0,2,0,0,47,2,2,73,0,183,0
17,0,0,0,0,1,0,0,45,0,0,44,0,208,0
15,0,0,0,0,2,0,0,18,4,0,23,0,175,0
3,0,0,0,0,1,0,0,4,1,0,2,0,34,0
19,0,0,0,0,0,0,0,43,21,1,27,0,237,0
12,0,0,0,0,0,0,0,34,0,2,22,0,153,0
8,0,0,0,0,0,0,0,7,2,2,0,0,129,0
19,0,0,0,0,5,0,0,59,4,0,5,0,290,0
19,0,0,0,0,2,0,0,66,9,2,26,0,278,0
7,0,2,0,0,2,0,0,38,0,0,61,0,78,0
14,0,3,0,1,3,0,0,20,1,2,60,0,120,0
14,1,4,0,1,4,1,2,27,0,3,121,1,112,0
16,6,8,8,11,3,1,2,4,5,2,205,1,67,1
17,3,5,6,10,2,1,1,4,14,3,132,1,55,0
16,0,1,0,1,1,0,0,9,6,7,46,0,124,0
7,0,0,0,0,1,0,0,5,0,1,4,0,83,0
2,0,0,0,0,2,0,0,7,0,0,2,0,32,0
12,0,0,0,0,1,0,0,65,0,2,4,0,251,0
13,0,0,0,0,1,0,0,20,0,0,0,0,282,0
2,0,0,0,0,0,0,0,11,0,1,0,0,44,0
1,0,0,0,0,0,0,0,0,0,0,0,0,26,0
2,0,0,0,0,0,0,0,13,0,0,0,0,48,0
1,0,0,0,0,0,0,0,2,0,0,1,0,12,0
16,0,0,0,0,3,0,0,34,0,4,9,0,248,0
7,0,0,0,0,1,0,0,26,0,1,9,0,131,0
14,0,0,0,0,3,0,0,48,8,1,28,0,200,0
16,0,0,0,0,3,0,0,29,3,3,11,0,222,0
16,0,1,0,0,2,0,1,28,0,3,50,0,180,0
17,0,0,0,2,5,0,0,24,18,5,44,0,128,0
16,0,0,0,0,2,0,0,8,10,2,62,0,110,0
17,0,0,0,0,1,0,0,17,5,2,53,0,148,0
16,0,1,0,2,2,0,0,31,15,2,87,0,116,0
17,1,2,2,2,3,0,0,30,23,1,117,0,114,0
19,0,3,1,4,0,0,0,7,34,2,110,0,115,0
18,0,0,0,0,2,0,0,49,26,1,47,0,188,0
17,0,0,0,0,3,0,0,5,22,2,27,0,156,0
18,0,1,0,1,5,0,0,23,30,1,86,0,137,0
17,0,3,1,4,2,0,0,32,14,3,88,0,144,0
19,0,0,0,0,5,0,0,25,9,1,0,0,358,0
18,0,0,0,0,2,0,0,30,0,0,0,0,346,0
1,0,0,0,0,0,0,0,5,0,0,0,0,20,0
8,0,0,0,0,1,0,0,24,0,1,37,0,111,0
14,0,2,0,0,1,0,0,5,9,3,72,0,95,0
16,0,3,0,0,4,0,0,18,7,3,87,0,99,0
16,0,2,0,0,3,0,1,24,0,3,74,0,115,0
16,0,2,0,0,5,0,0,14,0,1,69,0,120,0
14,0,4,1,3,1,0,1,16,1,2,94,0,81,0
17,1,5,0,3,3,0,1,22,2,2,137,1,86,0
16,0,8,0,0,3,0,2,19,2,3,164,0,78,0
17,0,5,1,2,3,0,0,42,12,2,143,0,139,0
16,0,1,0,1,3,0,1,47,1,2,66,0,168,0
16,0,0,0,1,2,0,0,43,9,2,30,0,201,0
17,0,0,0,0,5,0,0,31,0,3,3,0,280,0
17,0,0,0,0,2,0,0,89,1,2,57,0,240,0
6,0,1,0,0,3,0,0,10,3,1,31,0,44,0
6,0,0,0,0,1,0,0,17,0,0,9,0,90,0
8,0,0,0,0,4,0,0,11,1,0,9,0,99,0
10,0,1,0,0,1,0,0,13,0,2,53,0,72,0
8,0,5,0,0,3,0,0,22,3,0,84,0,66,0
6,0,1,0,2,0,0,0,1,7,0,34,0,19,0
10,0,1,0,1,0,0,0,1,1,0,37,0,62,0
3,0,0,0,1,0,0,0,0,1,0,10,0,11,0
1,0,0,0,0,0,0,0,3,0,0,0,0,22,0
1,0,0,0,0,0,0,0,11,0,0,0,0,22,0
11,0,0,0,0,2,0,0,49,0,3,25,0,171,0
1,0,0,0,0,0,0,0,0,0,0,0,0,25,0
2,0,0,0,0,1,0,0,9,0,0,0,0,48,0
20,0,0,0,0,2,0,0,80,0,2,16,0,340,0
19,0,0,0,0,0,0,0,28,17,1,13,0,254,0
19,0,0,0,0,2,0,0,24,13,0,22,0,223,0
2,0,0,0,0,1,0,0,0,0,1,0,0,46,0
7,0,0,0,0,0,0,0,52,0,1,2,0,180,0
1,0,0,0,0,1,0,0,10,0,0,4,0,18,0
2,0,0,0,0,0,0,0,18,0,0,12,0,32,0
12,0,1,0,0,3,0,1,44,1,2,52,0,153,0
11,0,3,0,1,0,0,0,34,4,0,84,0,92,0
13,0,2,0,1,0,0,0,35,11,1,74,0,130,0
7,0,0,0,0,2,0,0,13,0,1,26,0,68,0
11,1,1,0,0,2,1,1,37,5,0,35,1,146,0
15,0,0,0,0,2,0,0,38,0,2,44,0,165,0
14,0,1,0,0,3,0,0,45,0,1,40,0,201,0
1,0,0,0,0,0,0,0,9,0,0,0,0,21,0
4,0,0,0,0,1,0,0,0,0,0,0,0,65,0
14,0,0,0,0,1,0,0,17,2,0,13,0,140,0
15,1,1,4,5,2,0,0,12,16,1,30,0,118,0
13,1,1,2,6,1,0,0,2,0,1,26,1,83,0
3,0,0,0,0,2,0,0,0,0,0,0,0,53,0
1,0,0,0,0,0,0,0,0,0,0,0,0,24,0
10,0,0,0,0,1,0,0,6,0,2,0,0,159,0
14,0,1,0,0,3,0,0,35,0,1,34,0,178,0
13,0,0,1,1,4,0,0,6,7,3,16,0,108,0
16,0,0,0,0,3,0,0,60,2,1,17,0,244,0
12,0,0,0,0,2,0,0,50,0,1,16,0,205,0
6,0,0,1,1,0,0,0,17,8,0,4,0,72,0
13,0,2,0,0,2,0,1,42,0,1,66,0,146,0
14,0,0,0,0,1,0,0,56,1,3,42,0,212,0
9,0,0,0,0,3,0,0,50,0,1,17,0,164,0
13,0,0,0,0,0,0,0,28,0,2,14,0,234,0
13,0,0,0,0,1,0,0,71,0,2,16,0,236,0
17,0,0,0,0,5,0,0,39,10,1,67,0,201,0
17,0,0,0,0,2,0,0,70,0,2,25,0,288,0
17,0,0,0,0,1,0,0,43,8,3,80,0,175,0
15,0,0,0,0,2,0,0,41,6,1,52,0,170,0
18,0,10,1,3,3,0,2,31,7,1,206,0,99,0
16,0,2,1,4,0,0,0,22,22,1,97,0,98,0
18,1,3,1,3,2,1,1,33,17,1,142,1,140,0
17,0,0,0,0,3,0,0,33,7,2,19,0,236,0
18,0,0,0,0,5,0,0,32,3,4,11,0,256,0
17,6,9,4,5,2,1,2,30,4,1,252,2,97,1
19,2,7,0,1,5,2,3,46,5,1,214,2,130,0
19,3,12,0,3,2,2,2,27,6,0,270,3,85,0
20,3,6,1,5,2,1,1,31,39,1,188,2,129,0
19,0,0,0,0,0,0,0,44,18,0,73,0,199,0
19,0,1,0,0,2,0,0,35,20,0,116,0,161,0
19,0,0,0,0,1,0,0,40,4,1,16,0,303,0
21,0,0,0,0,3,0,0,44,6,1,21,0,273,0
1,0,0,0,0,0,0,0,0,0,1,0,0,20,0
19,0,0,0,0,2,0,0,62,1,0,0,0,416,0
1,0,0,0,0,0,0,0,2,0,0,0,0,15,0
1,0,0,0,0,1,0,0,0,6,0,0,0,15,0
1,0,0,0,0,0,0,0,0,16,0,0,0,7,0
2,0,0,0,0,0,0,0,30,0,0,4,0,64,0
1,0,0,1,1,0,0,0,0,30,0,0,0,1,0
1,0,0,0,0,0,0,0,0,7,1,0,0,24,0
1,0,0,0,0,0,0,0,0,0,0,0,0,17,0
6,0,1,0,0,0,0,0,16,19,0,35,0,53,0
8,0,2,0,0,2,0,0,19,9,1,49,0,64,0
9,3,3,6,6,1,0,0,11,7,0,89,1,24,0
10,7,9,7,8,2,2,2,9,9,0,212,2,20,1
11,3,3,6,8,0,0,0,6,13,0,103,2,23,0
9,6,6,6,9,1,1,1,2,9,0,151,2,12,1
8,1,2,2,4,3,0,0,2,0,1,52,1,27,0
11,4,5,6,7,1,0,0,8,7,0,123,2,28,0
1,1,1,1,1,0,0,0,0,0,0,25,0,1,0
2,0,0,0,0,1,0,0,12,0,1,0,0,50,0
1,0,0,0,0,0,0,0,5,0,0,6,0,12,0
1,0,0,0,0,0,0,0,0,0,0,0,0,18,0
9,0,0,0,0,2,0,0,54,0,1,31,0,135,0
1,0,0,0,0,0,0,0,5,0,0,0,0,23,0
1,0,0,0,0,0,0,0,17,0,0,0,0,33,0
1,0,0,0,0,0,0,0,3,0,0,0,0,32,0
1,0,0,0,0,1,0,0,4,0,0,0,0,28,0
1,0,1,0,0,0,0,0,8,0,0,18,0,10,0
2,0,0,0,0,0,0,0,28,0,0,6,0,50,0
2,0,0,0,0,0,0,0,0,28,1,0,0,20,0
1,0,0,0,0,0,0,0,6,0,0,0,0,20,0
1,0,0,0,1,0,0,0,0,18,0,0,0,2,0
1,0,1,0,0,0,0,0,30,0,0,18,0,32,0
1,0,0,0,0,0,0,0,15,0,0,10,0,20,0
1,0,1,0,0,0,0,0,1,0,0,18,0,3,0
1,1,1,0,1,0,0,0,1,0,0,25,1,2,0
1,0,0,0,0,0,0,0,14,0,0,0,0,26,0
1,0,0,0,0,0,0,0,15,0,0,8,0,21,0
1,0,0,0,0,0,0,0,17,0,0,0,0,31,0
1,0,1,0,0,0,0,0,1,0,0,18,0,3,0
1,0,0,0,0,0,0,0,0,13,0,0,0,11,0
1,0,0,0,0,0,0,0,0,0,0,0,0,19,0
1,0,1,0,0,0,0,0,12,0,0,15,0,15,0
1,1,1,0,0,0,0,0,6,0,0,25,1,7,0
1,0,0,0,0,0,0,0,0,13,0,0,0,20,0
1,0,0,0,0,0,0,0,0,9,0,0,0,10,0
1,0,0,0,0,1,0,0,10,0,0,0,0,27,0
1,0,0,0,0,0,0,0,11,0,0,0,0,27,0
1,0,0,0,0,0,0,0,22,0,0,1,0,32,0
2,0,0,0,0,0,0,0,23,0,1,0,0,54,0
1,0,1,0,0,0,0,0,7,0,0,15,0,10,0
1,0,0,0,0,0,0,0,15,0,0,8,0,21,0
1,0,0,0,0,0,0,0,0,23,1,0,0,4,0
1,0,0,0,0,0,0,0,8,0,0,2,0,17,0
1,0,0,0,0,0,0,0,0,8,1,0,0,16,0
1,0,0,0,0,0,0,0,1,0,1,0,0,29,0
1,0,0,0,0,0,0,0,0,1,0,0,0,13,0
1,0,0,0,0,1,0,0,3,0,0,0,0,32,0
1,0,0,0,0,0,0,0,0,7,0,0,0,8,0
1,0,0,0,0,0,0,0,16,0,0,6,0,23,0
1,0,0,0,0,0,0,0,0,10,0,0,0,7,0
1,0,0,0,0,0,0,0,0,18,0,0,0,15,0
1,0,0,0,0,0,0,0,12,0,0,2,0,21,0
1,0,0,0,0,0,0,0,0,12,0,0,0,6,0
1,0,0,0,0,0,0,0,0,3,0,8,0,3,0
1,0,0,0,0,1,0,0,0,0,1,0,0,15,0
1,0,0,0,0,1,0,0,0,0,0,0,0,8,0
4,0,0,0,0,0,0,0,6,0,0,6,0,52,0
9,0,0,0,0,0,0,0,22,0,2,19,0,127,0
7,1,1,1,1,0,0,0,5,0,0,39,0,47,0
8,0,0,0,0,1,0,0,0,4,0,26,0,50,0
8,0,0,0,0,2,0,0,12,5,0,30,0,67,0
7,0,0,0,0,1,0,0,19,6,0,31,0,68,0
10,0,0,0,0,2,0,0,34,3,0,52,0,109,0
9,0,0,0,0,0,0,0,13,0,0,20,0,97,0
10,0,0,0,0,1,0,0,24,0,0,28,0,112,0
9,0,0,0,0,3,0,0,12,0,1,14,0,116,0
8,0,0,0,0,1,0,0,32,0,0,21,0,119,0
8,0,0,0,0,1,0,0,37,0,0,22,0,146,0
2,0,0,0,0,0,0,0,0,0,0,0,0,30,0
1,0,0,0,0,0,0,0,0,0,0,0,0,24,0
3,0,0,0,0,0,0,0,23,0,0,1,0,72,0
7,0,0,0,0,0,0,0,38,0,0,10,0,162,0
1,0,0,0,0,1,0,0,9,0,0,1,0,19,0
1,0,0,0,0,0,0,0,0,0,0,0,0,21,0
1,0,0,0,0,1,0,0,0,0,1,0,0,16,0
3,0,0,0,0,1,0,0,12,0,0,1,0,49,0
9,0,0,0,0,2,0,0,14,0,1,18,0,115,0
10,0,1,0,0,0,0,0,33,1,1,37,0,133,0
10,0,0,0,0,1,0,0,35,3,0,40,0,117,0
8,0,0,0,0,2,0,0,9,0,1,12,0,96,0
10,0,0,0,0,0,0,0,30,2,1,31,0,133,0
12,1,1,1,1,3,0,0,21,5,0,55,1,100,0
11,0,2,0,0,0,0,0,19,7,1,55,0,81,0
12,0,0,0,0,0,0,0,31,5,1,19,0,167,0
11,1,2,1,2,2,0,0,8,19,0,69,0,61,0
1,0,0,0,0,1,0,0,0,0,0,0,0,28,0
3,0,0,0,0,1,0,0,8,0,1,6,0,45,0
12,0,0,0,0,3,0,0,16,11,0,6,0,208,0
14,1,4,0,0,4,0,0,54,1,5,104,1,148,0
16,0,2,0,0,3,0,1,66,1,1,96,0,198,0
17,0,2,0,0,2,0,0,42,2,5,101,0,161,0
10,0,0,0,0,0,0,0,46,0,1,8,0,189,0
13,0,0,0,0,1,0,0,72,0,1,40,0,232,0
13,0,0,0,0,1,0,0,75,0,1,32,0,249,0
9,0,0,0,0,0,0,0,74,0,1,15,0,205,0
1,0,0,0,0,0,0,0,0,0,0,0,0,13,0
9,0,0,0,0,1,0,0,14,3,1,24,0,105,0
9,0,3,0,1,3,0,2,20,0,1,85,0,58,0
10,0,0,0,0,1,0,0,7,0,0,24,0,82,0
12,0,2,2,3,3,0,1,1,0,1,30,0,73,0
10,1,3,5,6,0,0,0,0,4,1,70,0,22,0
9,5,5,3,5,0,0,0,13,9,0,125,3,33,1
1,0,0,0,0,0,0,0,0,1,0,2,0,8,0
5,0,0,0,1,2,0,0,0,6,3,2,0,24,0
15,2,6,0,2,3,0,1,25,1,0,152,2,97,0
14,1,3,0,1,4,0,1,19,25,2,88,1,96,0
16,1,5,1,3,3,0,1,43,3,0,171,0,122,0
17,3,9,1,2,2,0,1,42,5,3,172,3,112,0
16,0,4,0,1,1,0,0,30,3,4,87,0,129,0
15,3,6,1,2,2,0,1,30,2,1,201,2,92,1
13,0,0,0,0,1,0,0,77,0,1,21,0,211,0
1,0,0,0,0,0,0,0,10,0,0,1,0,20,0
1,0,0,0,0,0,0,0,0,3,0,0,0,30,0
1,0,0,0,0,0,0,0,3,0,0,0,0,16,0
1,0,0,0,0,0,0,0,0,0,0,0,0,19,0
1,0,0,0,0,0,0,0,0,0,0,0,0,18,0
1,0,0,0,0,0,0,0,8,0,0,4,0,16,0
1,0,0,0,0,0,0,0,8,0,0,0,0,19,0
1,0,0,0,0,0,0,0,10,0,0,0,0,23,0
1,0,0,0,0,0,0,0,10,0,0,0,0,24,0
1,0,0,0,0,0,0,0,0,0,0,0,0,19,0
1,0,0,0,0,0,0,0,0,0,0,0,0,26,0
1,0,0,0,0,0,0,0,11,0,0,2,0,20,0
1,0,0,0,0,0,0,0,0,0,0,0,0,17,0
1,0,0,0,0,0,0,0,4,0,0,4,0,12,0
1,0,0,0,0,0,0,0,4,0,0,2,0,13,0
1,0,0,0,0,0,0,0,0,0,0,0,0,18,0
1,0,1,0,0,0,0,0,3,0,0,18,0,5,0
1,0,0,0,0,0,0,0,8,0,0,2,0,17,0
1,0,0,0,0,0,0,0,0,0,0,0,0,10,0
1,0,0,0,0,0,0,0,14,0,0,4,0,22,0
1,0,0,0,0,0,0,0,0,0,0,0,0,21,0
1,0,0,0,0,0,0,0,10,0,1,0,0,26,0
5,0,0,0,0,0,0,0,4,0,0,1,0,62,0
7,0,0,0,0,0,0,0,20,0,0,20,0,80,0
1,0,0,0,0,1,0,0,9,0,1,0,0,26,0
1,0,0,0,0,0,0,0,0,0,0,0,0,21,0
1,0,0,0,0,1,0,0,0,0,1,0,0,21,0
4,0,1,1,1,1,0,0,9,0,1,18,0,33,0
8,0,0,0,0,2,0,0,7,1,2,26,0,79,0
9,0,2,1,2,1,0,1,15,0,1,68,0,65,0
10,1,3,1,3,2,0,0,6,7,0,72,1,39,0
10,2,6,2,4,0,0,0,6,0,0,119,0,31,1
8,0,3,0,2,1,0,0,4,3,0,66,0,32,0
9,2,4,2,5,3,1,2,1,0,0,83,0,32,0
9,1,2,0,0,0,0,0,17,0,0,72,1,65,0
12,0,2,1,1,3,0,1,15,2,1,47,0,76,0
9,0,1,0,0,0,0,0,15,0,0,27,0,96,0
11,0,0,0,0,0,0,0,21,0,0,24,0,130,0
10,0,0,0,0,2,0,0,44,4,0,34,0,136,0
1,0,0,0,0,0,0,0,0,0,0,0,0,19,0
1,0,0,0,0,0,0,0,6,0,0,0,0,20,0
4,0,0,0,0,2,0,0,26,0,1,16,0,73,0
2,0,0,0,0,1,0,0,0,0,0,0,0,47,0
15,0,0,0,0,3,0,0,57,5,0,42,0,210,0
13,0,0,0,0,4,0,0,30,8,2,9,0,179,0
16,1,3,0,1,3,0,0,65,2,1,87,1,181,0
17,0,1,1,6,2,0,0,11,12,3,40,0,95,0
16,0,3,1,3,1,0,0,40,7,3,110,0,111,0
15,0,1,0,0,2,0,0,71,0,1,79,0,214,0
14,0,0,0,0,1,0,0,52,0,0,34,0,228,0
15,1,4,0,1,6,0,2,28,6,1,109,1,133,0
15,2,5,0,0,1,0,0,63,2,1,131,2,170,0
13,1,3,0,0,0,0,0,125,0,2,87,1,241,0
1,0,0,0,0,0,0,0,14,0,0,6,0,21,0
1,1,1,0,0,1,1,1,4,0,0,25,1,5,0
1,0,0,0,0,0,0,0,0,13,0,0,0,8,0
1,0,0,0,0,0,0,0,21,0,0,1,0,31,0
1,0,0,0,0,0,0,0,0,18,0,0,0,8,0
2,0,0,0,0,0,0,0,16,5,0,0,0,54,0
1,0,0,0,0,0,0,0,6,0,0,0,0,27,0
1,0,0,0,0,0,0,0,2,0,0,12,0,6,0
1,0,0,0,0,0,0,0,1,0,0,0,0,17,0
1,0,0,0,0,0,0,0,0,6,0,0,0,6,0
1,0,0,0,0,0,0,0,10,0,0,0,0,31,0
1,0,0,0,0,0,0,0,11,0,0,0,0,31,0
1,0,0,0,0,0,0,0,17,0,0,0,0,30,0
1,0,0,0,0,0,0,0,0,3,1,0,0,26,0
1,0,0,0,0,0,0,0,0,18,0,0,0,12,0
1,0,0,0,0,0,0,0,0,1,0,8,0,5,0
1,0,1,0,0,0,0,0,5,0,0,15,0,8,0
1,0,0,0,0,0,0,0,5,0,0,8,0,11,0
1,0,0,0,0,0,0,0,0,14,0,0,0,13,0
9,0,0,0,0,0,0,0,63,0,1,9,0,198,0
9,0,0,0,0,1,0,0,11,0,2,2,0,157,0
6,0,0,0,0,0,0,0,32,0,0,11,0,105,0
7,0,0,0,0,1,0,0,17,0,2,6,0,109,0
4,0,0,0,0,2,0,0,42,0,0,5,0,94,0
5,0,0,0,0,0,0,0,9,0,1,0,0,103,0
1,0,0,0,0,1,0,0,5,0,0,0,0,16,0
15,0,0,0,0,0,0,0,29,0,2,34,0,201,0
6,0,0,0,0,1,0,0,51,0,1,22,0,116,0
2,0,0,0,0,0,0,0,0,0,0,0,0,32,0
7,0,0,0,0,1,0,0,59,0,0,8,0,156,0
15,0,0,0,0,3,0,0,16,4,4,22,0,196,0
16,0,0,0,0,5,0,0,48,0,4,52,0,225,0
16,0,0,0,0,1,0,0,88,1,3,27,0,261,0
17,2,4,0,0,3,0,1,46,4,3,167,2,125,0
14,0,1,0,0,3,0,1,45,0,2,38,0,177,0
17,0,1,0,0,3,0,0,65,0,4,91,0,186,0
16,0,0,0,0,3,0,0,26,1,5,30,0,188,0
15,1,1,0,0,2,1,1,28,10,0,54,1,164,0
17,0,0,0,0,5,0,0,38,0,2,19,0,240,0
1,0,0,0,0,0,0,0,0,3,0,0,0,14,0
1,0,0,0,0,1,0,0,15,0,0,0,0,33,0
1,0,0,0,0,0,0,0,0,6,0,0,0,26,0
1,0,0,0,0,0,0,0,12,0,0,0,0,33,0
1,0,0,0,0,0,0,0,0,0,0,0,0,11,0
5,0,1,0,1,1,0,0,11,0,2,18,0,59,0
4,0,0,0,0,0,0,0,15,0,0,12,0,59,0
2,0,0,0,0,0,0,0,9,0,0,10,0,31,0
2,0,0,0,0,0,0,0,0,15,0,0,0,36,0
1,0,0,0,0,0,0,0,0,20,0,0,0,4,0
1,0,0,0,0,0,0,0,29,0,0,12,0,33,0
1,0,0,0,0,0,0,0,0,14,1,0,0,18,0
1,0,0,0,0,0,0,0,0,1,0,0,0,11,0
1,0,0,0,0,0,0,0,0,1,0,0,0,22,0
1,0,1,1,1,0,0,0,0,2,0,15,0,1,0
1,0,0,0,0,0,0,0,12,0,0,10,0,17,0
1,0,0,0,0,1,0,0,4,0,0,10,0,9,0
21,0,0,0,0,3,0,0,54,12,2,1,0,362,0
16,0,0,0,0,1,0,0,35,8,1,8,0,242,0
1,0,0,0,0,0,0,0,12,0,0,0,0,25,0
14,0,0,0,0,0,0,0,79,0,1,11,0,325,0
7,0,0,0,0,2,0,0,8,0,0,0,0,159,0
16,0,0,0,0,0,0,0,74,0,1,10,0,323,0
16,0,0,0,0,0,0,0,153,0,2,60,0,329,0
14,0,0,0,0,3,0,0,65,0,0,28,0,274,0
15,0,0,0,0,2,0,0,84,1,2,28,0,272,0
1,0,0,0,0,0,0,0,8,0,0,4,0,16,0
2,0,0,0,0,1,0,0,8,0,0,0,0,37,0
10,0,2,0,0,0,0,0,19,0,5,44,0,106,0
5,0,0,0,0,0,0,0,4,0,0,0,0,94,0
16,0,0,0,0,3,0,0,19,0,5,13,0,225,0
17,0,0,0,0,3,0,0,70,0,4,6,0,334,0
9,0,0,0,0,2,0,0,12,0,0,0,0,149,0
17,0,0,0,0,5,0,0,41,0,3,29,0,237,0
17,0,0,0,0,2,0,0,92,0,1,24,0,306,0
16,0,0,0,0,2,0,0,54,0,1,3,0,294,0
1,0,0,0,0,0,0,0,0,0,0,0,0,26,0
2,0,0,0,0,0,0,0,0,0,1,0,0,11,0
6,1,5,1,2,1,0,0,7,1,0,94,0,29,0
1,0,1,0,0,0,0,0,3,0,0,18,0,5,0
6,0,3,0,1,1,0,0,14,2,0,57,0,41,0
9,1,5,1,3,4,1,3,15,2,0,103,1,50,0
1,0,1,1,1,0,0,0,0,1,0,18,0,1,0
2,0,0,0,0,0,0,0,0,0,0,0,0,11,0
1,0,0,0,0,0,0,0,5,0,0,10,0,10,0
1,0,0,0,0,0,0,0,1,0,0,1,0,11,0
1,0,0,0,0,0,0,0,0,0,0,0,0,20,0
7,3,3,5,6,0,0,0,1,0,0,75,1,10,0
8,3,5,5,7,1,1,1,2,18,0,113,1,12,1
10,1,4,2,6,1,0,1,5,3,0,91,1,38,0
8,6,7,5,7,4,3,3,3,4,0,177,2,12,1
6,4,5,3,5,1,1,1,3,0,0,118,2,10,1
10,3,5,3,4,3,0,1,20,4,0,139,2,43,1
7,4,6,4,5,0,0,0,3,1,0,136,1,14,1
2,0,0,1,1,0,0,0,4,3,0,24,0,9,0
17,1,4,3,5,2,0,0,15,0,4,95,0,92,0
17,0,7,7,8,1,0,1,13,16,1,175,0,50,0
16,2,9,1,5,2,0,0,16,10,1,196,1,67,0
16,1,3,0,4,3,1,2,24,20,0,146,1,92,0
16,3,5,2,4,0,0,0,43,15,2,150,2,123,0
10,0,2,0,0,0,0,0,9,0,3,63,0,72,0
1,0,0,0,0,0,0,0,11,0,0,4,0,19,0
1,0,0,0,0,0,0,0,0,10,1,0,0,19,0
19,0,0,0,0,0,0,0,43,3,2,0,0,373,0
15,0,0,0,0,2,0,0,26,6,3,2,0,267,0
5,0,0,0,0,2,0,0,48,0,1,2,0,120,0
1,0,0,0,0,1,0,0,20,0,0,8,0,26,0
16,0,0,0,0,2,0,0,34,3,1,4,0,276,0
2,0,0,0,0,1,0,0,0,0,0,0,0,34,0
5,0,0,0,0,1,0,0,13,0,0,0,0,124,0
16,0,1,0,0,4,0,1,22,3,1,19,0,250,0
15,0,0,0,0,3,0,0,88,1,1,23,0,270,0
15,0,0,0,0,5,0,0,33,0,4,44,0,178,0
7,0,0,0,0,1,0,0,42,0,1,17,0,107,0
2,0,0,0,0,0,0,0,8,0,0,10,0,23,0
19,0,0,0,0,5,0,0,54,4,4,32,0,265,0
19,0,0,0,0,2,0,0,63,9,1,30,0,263,0
20,0,1,0,1,2,0,0,50,23,3,60,0,232,0
16,0,0,0,0,2,0,0,31,0,1,0,0,300,0
6,0,1,0,1,3,0,1,26,1,1,46,0,52,0
6,0,1,0,0,1,0,0,7,8,1,27,0,36,0
2,0,0,0,0,1,0,0,6,0,1,0,0,48,0
13,0,0,0,0,3,0,0,23,6,1,17,0,197,0
15,0,0,0,0,4,0,0,38,9,1,40,0,173,0
3,0,0,0,0,0,0,0,7,0,1,20,0,36,0
5,0,0,0,0,1,0,0,12,0,0,1,0,93,0
10,0,0,0,0,3,0,0,50,0,3,0,0,233,0
1,0,0,0,0,0,0,0,0,0,0,0,0,20,0
1,0,0,0,0,0,0,0,9,0,0,1,0,19,0
18,0,0,0,0,5,0,0,55,6,2,28,0,271,0
17,0,0,0,0,2,0,0,14,15,3,5,0,207,0
1,0,0,0,0,1,0,0,0,0,0,0,0,21,0
1,0,0,0,0,0,0,0,0,0,0,0,0,11,0
1,0,0,0,0,0,0,0,8,0,0,0,0,28,0
1,0,0,0,0,0,0,0,0,6,0,0,0,20,0
1,0,0,0,0,0,0,0,0,0,0,0,0,22,0
1,0,0,0,0,1,0,0,8,0,0,0,0,23,0
1,0,0,0,0,1,0,0,0,0,0,0,0,19,0
9,0,0,0,0,1,0,0,27,0,1,1,0,199,0
7,0,0,0,0,1,0,0,7,0,1,2,0,102,0
13,0,1,0,0,1,0,0,40,8,2,36,0,218,0
9,0,0,0,0,4,0,0,16,0,0,3,0,130,0
15,1,6,1,1,1,0,0,36,2,1,155,1,91,1
14,1,2,0,0,1,1,1,58,0,1,102,1,166,0
15,1,2,0,1,1,0,0,20,4,1,79,1,123,0
16,2,5,2,6,3,0,0,18,10,1,129,2,61,0
16,0,1,1,1,0,0,0,18,10,0,88,0,104,0
2,0,0,0,0,1,0,0,0,4,0,2,0,18,0
4,0,0,0,0,2,0,0,15,0,1,14,0,42,0
5,0,0,0,0,1,0,0,5,0,0,10,0,71,0
4,0,0,0,0,3,0,0,9,0,0,16,0,47,0
2,0,0,0,0,0,0,0,6,3,0,2,0,32,0
2,0,0,0,0,0,0,0,1,0,0,0,0,39,0
4,0,0,0,0,1,0,0,3,0,0,0,0,61,0
1,0,0,0,0,0,0,0,0,0,0,0,0,17,0
1,0,0,0,0,0,0,0,12,0,0,0,0,24,0
2,0,0,0,0,0,0,0,0,0,0,0,0,47,0
19,0,1,0,0,2,0,0,25,34,0,55,0,168,0
1,0,0,0,0,0,0,0,0,0,0,0,0,17,0
21,0,0,0,0,3,0,0,66,4,2,7,0,360,0
20,0,0,0,0,1,0,0,39,8,1,19,0,284,0
21,0,0,0,0,1,0,0,25,20,0,56,0,216,0
21,0,0,0,0,1,0,0,20,48,1,20,0,250,0
17,0,0,0,0,1,0,0,28,4,2,1,0,285,0
16,0,0,0,0,2,0,0,33,1,2,66,0,165,0
17,0,4,0,1,1,0,0,16,7,2,87,0,91,0
16,1,10,2,4,2,0,2,49,1,2,213,1,109,0
18,1,4,1,2,3,0,1,36,2,0,112,1,148,0
19,7,12,5,8,0,0,0,65,12,1,277,4,108,0
18,0,6,3,5,2,0,0,36,7,4,158,0,105,0
17,6,12,3,5,3,1,2,18,1,0,272,4,60,1
18,2,9,2,6,5,0,1,19,37,3,189,1,79,0
17,1,5,0,1,2,0,0,21,23,0,124,1,129,0
20,1,7,0,0,2,0,0,55,15,0,207,1,149,0
17,1,8,0,1,0,0,0,48,6,1,183,1,142,0
19,0,0,0,0,2,0,0,27,32,1,54,0,178,0
19,0,3,0,1,1,0,0,24,10,3,150,0,142,0
21,0,4,0,0,3,0,0,20,11,2,186,0,112,0
20,0,7,1,5,1,0,0,11,20,2,205,0,77,0
21,1,12,1,5,1,0,1,13,5,1,251,1,79,0
21,0,0,0,0,1,0,0,50,23,1,43,0,260,0
17,0,0,0,0,1,0,0,60,8,0,4,0,279,0
20,0,0,0,0,5,0,0,55,5,1,10,0,308,0
1,0,0,0,0,0,0,0,13,0,0,2,0,22,0
1,0,0,0,0,0,0,0,0,0,0,0,0,27,0
1,0,0,0,0,1,0,0,0,0,0,0,0,21,0
1,0,0,0,0,0,0,0,0,0,0,0,0,23,0
1,0,0,0,0,1,0,0,5,0,0,0,0,17,0
1,0,0,0,0,0,0,0,12,0,0,6,0,19,0
3,0,0,0,0,0,0,0,0,0,0,0,0,68,0
5,0,0,0,0,3,0,0,23,0,0,6,0,78,0
6,0,0,0,0,1,0,0,0,0,0,0,0,102,0
1,0,0,0,0,1,0,0,0,0,0,0,0,15,0
1,0,0,0,0,0,0,0,8,0,0,4,0,16,0
1,0,0,0,0,0,0,0,0,0,0,0,0,15,0
20,0,1,0,1,1,0,0,56,9,2,40,0,283,0
21,0,0,0,0,1,0,0,54,6,1,6,0,344,0
21,0,0,0,0,1,0,0,69,5,1,21,0,321,0
16,0,2,1,1,1,0,0,20,14,3,75,0,135,0
22,0,0,0,0,5,0,0,48,10,2,34,0,288,0
21,0,0,0,0,1,0,0,15,24,2,49,0,196,0
17,0,1,0,0,1,0,0,32,20,0,95,0,145,0
22,0,4,1,2,5,0,1,33,27,1,159,0,151,0
1,0,0,0,0,0,0,0,16,0,0,2,0,25,0
8,0,0,0,0,2,0,0,25,0,1,4,0,147,0
3,0,0,0,0,1,0,0,18,0,0,0,0,67,0
1,0,0,0,0,1,0,0,17,0,0,8,0,23,0
1,1,1,0,1,0,0,0,1,0,0,25,1,2,0
10,0,0,0,0,3,0,0,57,0,1,14,0,238,0
2,0,0,0,0,0,0,0,20,0,0,0,0,46,0
1,0,0,0,0,0,0,0,0,5,0,0,0,26,0
1,0,0,0,0,0,0,0,0,5,1,0,0,27,0
1,0,0,0,0,0,0,0,0,10,1,0,0,22,0
1,0,0,0,0,0,0,0,0,25,0,0,0,5,0
1,0,0,0,0,0,0,0,0,0,0,0,0,25,0
1,0,0,0,0,1,0,0,0,0,0,0,0,20,0
1,0,0,0,0,0,0,0,0,0,0,0,0,12,0
1,0,0,0,0,0,0,0,0,0,0,0,0,12,0
1,0,0,0,0,1,0,0,9,0,0,0,0,22,0
1,0,0,0,0,0,0,0,0,0,0,0,0,19,0
1,0,0,0,0,1,0,0,9,0,0,0,0,23,0
17,4,12,6,12,3,1,1,6,11,1,265,0,44,0
18,5,10,7,9,5,2,3,23,29,1,243,2,70,1
17,2,5,4,4,2,0,0,43,25,2,126,1,156,0
19,3,9,1,4,5,2,4,36,11,2,240,2,98,0
19,3,6,1,8,2,0,0,14,17,2,227,3,68,0
20,4,7,7,11,2,0,1,26,37,2,190,2,86,0
19,1,5,5,9,0,0,0,9,39,0,189,0,66,0
19,11,16,7,15,2,1,2,51,0,1,359,5,79,1
19,10,17,11,18,1,1,1,3,9,0,381,3,30,1
21,10,17,12,15,3,3,3,50,5,1,380,3,87,0
20,9,13,11,13,1,1,1,30,12,0,363,1,72,1
21,11,17,11,14,1,1,1,23,7,0,408,4,57,1
21,11,17,5,13,1,0,0,16,17,0,407,8,49,1
16,11,14,10,13,1,1,1,8,8,0,341,3,30,1
22,8,17,5,15,5,1,4,21,15,1,387,5,68,0
1,0,0,0,0,0,0,0,5,0,0,6,0,12,0
1,0,0,0,0,0,0,0,0,0,0,0,0,19,0
4,0,0,0,0,2,0,0,22,0,0,4,0,78,0
3,0,1,0,0,1,0,0,16,0,1,19,0,45,0
7,0,0,0,0,1,0,0,16,0,1,31,0,57,0
10,1,4,0,0,0,0,0,14,4,0,83,1,71,0
10,0,1,0,0,1,0,0,14,15,1,62,0,73,0
7,0,2,1,1,2,0,1,8,0,0,49,0,34,0
1,0,0,0,1,0,0,0,0,0,1,0,0,2,0
3,0,0,0,0,0,0,0,11,0,1,0,0,74,0
5,0,1,0,0,0,0,0,12,0,0,17,0,68,0
7,0,0,0,0,1,0,0,14,0,0,14,0,91,0
2,0,0,0,0,0,0,0,25,0,0,1,0,50,0
1,0,0,0,0,0,0,0,13,0,0,8,0,19,0
7,0,2,0,0,0,0,0,25,0,1,60,0,62,0
7,0,0,0,0,1,0,0,31,2,0,31,0,87,0
4,0,0,0,0,2,0,0,7,0,1,1,0,63,0
7,0,0,0,0,1,0,0,35,0,1,16,0,108,0
6,0,0,0,0,3,0,0,28,0,1,14,0,109,0
3,0,0,0,0,1,0,0,7,0,0,4,0,42,0
5,0,0,0,0,1,0,0,17,0,0,22,0,78,0
12,0,0,0,0,3,0,0,74,0,1,7,0,291,0
16,0,0,0,0,3,0,0,54,0,2,13,0,278,0
6,0,0,0,0,2,0,0,19,0,2,1,0,122,0
15,0,0,0,0,2,0,0,56,0,3,7,0,306,0
2,0,0,0,0,0,0,0,9,0,0,0,0,40,0
19,0,0,0,0,5,0,0,44,0,2,0,0,419,0
1,0,0,0,0,0,0,0,10,0,0,0,0,21,0
13,0,0,0,0,2,0,0,52,0,2,10,0,219,0
3,0,0,0,0,0,0,0,8,0,0,8,0,46,0
3,0,0,0,0,1,0,0,0,0,0,0,0,70,0
2,0,0,0,0,1,0,0,18,0,0,2,0,43,0
1,0,0,0,0,1,0,0,0,0,1,0,0,16,0
1,0,0,0,0,1,0,0,5,0,0,0,0,17,0
7,0,1,0,0,2,0,0,17,0,1,23,0,122,0
1,0,0,0,0,0,0,0,5,0,0,8,0,11,0
1,0,0,0,0,0,0,0,7,0,0,2,0,16,0
2,1,1,0,1,1,0,0,1,0,0,25,1,6,0
3,0,0,0,0,0,0,0,9,0,0,8,0,34,0
3,0,0,0,0,0,0,0,19,0,0,24,0,42,0
6,0,5,0,1,0,0,0,5,0,1,87,0,21,0
2,1,1,0,0,0,0,0,6,4,0,25,1,14,0
1,0,0,0,0,0,0,0,5,0,0,6,0,12,0
2,0,1,0,0,0,0,0,5,0,0,18,0,21,0
7,0,1,0,0,1,0,1,16,2,0,37,0,74,0
4,1,1,0,0,1,0,0,2,0,2,25,1,19,0
6,0,2,0,0,0,0,0,14,0,0,52,0,39,0
5,0,2,0,2,0,0,0,16,0,2,42,0,31,0
2,0,0,0,0,1,0,0,9,0,1,8,0,27,0
3,0,0,0,0,0,0,0,4,0,0,1,0,44,0
3,0,0,0,0,0,0,0,0,2,0,8,0,14,0
7,0,3,0,0,1,0,0,5,0,1,69,0,30,0
2,0,2,0,1,1,0,1,1,1,0,30,0,6,0
9,0,3,0,0,1,0,0,6,3,0,67,0,32,0
4,0,0,0,0,2,0,0,9,0,0,10,0,52,0
3,0,0,0,0,0,0,0,2,0,1,10,0,31,0
5,0,0,0,0,2,0,0,19,0,0,18,0,68,0
13,0,0,0,0,1,0,0,60,0,0,5,0,266,0
10,0,0,0,0,2,0,0,37,3,4,12,0,203,0
1,0,0,0,0,0,0,0,8,0,0,0,0,20,0
1,0,0,0,0,0,0,0,0,0,0,0,0,17,0
1,0,0,0,0,1,0,0,13,0,0,0,0,26,0
1,0,0,0,0,0,0,0,0,8,0,0,0,23,0
1,0,0,0,0,0,0,0,0,0,0,0,0,26,0
13,0,0,0,0,1,0,0,33,0,3,11,0,222,0
13,0,0,0,0,1,0,0,11,6,3,6,0,165,0
11,0,0,0,0,1,0,0,18,0,3,9,0,129,0
8,0,0,0,0,1,0,0,10,0,1,0,0,147,0
1,0,1,0,0,0,0,0,0,0,0,15,0,3,0
1,0,0,0,0,0,0,0,8,0,0,0,0,28,0
1,0,0,0,0,0,0,0,0,9,0,0,0,4,0
1,0,0,0,0,0,0,0,9,0,0,0,0,22,0
16,0,0,0,0,2,0,0,95,0,4,20,0,331,0
17,0,0,0,0,5,0,0,80,0,2,10,0,349,0
1,0,0,0,0,0,0,0,0,0,0,10,0,5,0
2,0,0,0,0,0,0,0,0,3,0,1,0,19,0
1,0,0,0,0,1,0,0,0,0,0,0,0,21,0
10,0,0,0,0,0,0,0,37,0,1,11,0,182,0
13,0,0,0,0,5,0,0,95,0,0,28,0,260,0
12,0,0,0,0,1,0,0,91,1,0,37,0,232,0
13,0,0,0,0,1,0,0,87,7,1,42,0,208,0
13,0,0,0,0,0,0,0,59,0,2,19,0,242,0
12,0,0,0,0,1,0,0,36,1,0,41,0,129,0
5,0,0,0,0,0,0,0,26,0,0,6,0,95,0
1,0,0,0,0,0,0,0,0,0,0,0,0,25,0
16,0,0,0,0,2,0,0,40,4,2,0,0,323,0
19,0,0,0,0,1,0,0,42,9,2,9,0,265,0
21,0,0,0,0,3,0,0,62,4,2,0,0,391,0
20,0,0,0,0,1,0,0,40,10,4,0,0,337,0
21,0,0,0,0,1,0,0,69,4,1,9,0,317,0
3,0,0,0,0,0,0,0,9,0,0,1,0,55,0
1,0,0,1,1,0,0,0,0,0,0,0,0,1,0
3,0,0,0,0,0,0,0,0,0,1,0,0,31,0
5,0,1,0,0,0,0,0,13,0,1,15,0,63,0
5,1,1,0,0,2,0,0,10,0,0,37,1,54,0
5,0,0,0,0,1,0,0,6,0,0,26,0,37,0
2,0,0,0,0,0,0,0,9,0,0,6,0,19,0
12,0,0,0,0,3,0,0,35,11,2,29,0,145,0
15,1,3,1,2,3,1,1,18,0,2,83,0,134,0
17,4,5,7,8,2,0,1,14,21,3,148,2,60,0
16,6,7,8,12,1,0,0,3,19,1,195,1,36,1
15,0,1,0,0,2,0,0,14,0,0,60,0,148,0
14,0,0,0,0,1,0,0,24,0,2,24,0,179,0
15,0,0,0,0,6,0,0,33,0,3,33,0,174,0
3,0,1,1,1,0,0,0,0,2,1,15,0,22,0
1,0,0,0,0,0,0,0,4,0,0,1,0,14,0
1,0,0,0,0,0,0,0,0,0,1,0,0,15,0
1,0,0,0,0,0,0,0,0,0,0,0,0,20,0
1,0,0,0,0,0,0,0,0,0,0,0,0,19,0
14,0,0,0,0,4,0,0,31,1,3,12,0,244,0
15,0,2,0,0,4,0,1,43,0,7,66,0,182,0
16,0,1,0,0,1,0,0,35,0,6,39,0,201,0
15,0,0,0,0,3,0,0,47,0,1,72,0,170,0
1,0,1,0,0,1,0,1,5,0,0,15,0,8,0
2,0,0,0,0,0,0,0,12,0,0,0,0,38,0
11,0,0,0,0,3,0,0,60,0,4,34,0,189,0
16,0,0,0,0,1,0,0,83,0,0,15,0,311,0
16,0,0,0,0,2,0,0,27,18,3,50,0,158,0
18,0,0,0,1,3,0,0,27,8,3,28,0,175,0
19,0,1,0,1,0,0,0,29,10,2,93,0,151,0
18,0,0,0,1,2,0,0,26,1,5,24,0,198,0
17,0,1,0,0,3,0,1,9,12,1,35,0,154,0
18,0,0,0,1,5,0,0,23,19,1,65,0,165,0
17,2,8,1,2,2,0,1,20,5,1,174,1,114,0
19,4,10,5,12,5,0,2,7,26,2,242,2,53,0
19,1,10,3,8,2,0,1,22,15,1,258,1,72,0
20,2,4,2,6,2,0,0,28,27,1,179,1,117,0
19,0,8,2,5,0,0,0,17,25,1,199,0,103,0
1,0,0,0,0,1,0,0,0,0,0,0,0,22,0
1,0,0,0,0,0,0,0,4,0,0,0,0,22,0
2,0,0,0,0,0,0,0,0,22,0,0,0,16,0
1,0,0,0,0,0,0,0,21,0,0,6,0,28,0
15,0,0,0,0,3,0,0,120,0,1,30,0,304,0
16,0,0,0,0,0,0,0,74,0,1,48,0,243,0
16,0,0,0,0,0,0,0,30,0,0,16,0,274,0
1,0,0,0,0,0,0,0,5,0,0,6,0,12,0
14,0,0,0,0,2,0,0,34,2,2,36,0,186,0
14,0,0,0,0,3,0,0,61,0,0,13,0,240,0
16,0,5,0,0,3,0,1,46,0,2,146,0,118,0
15,0,1,0,0,4,0,1,41,12,4,81,0,167,0
16,0,2,0,0,1,0,0,30,3,3,67,0,173,0
11,0,1,0,0,2,0,1,23,0,4,39,0,117,0
16,0,0,0,0,3,0,0,21,6,6,53,0,178,0
1,0,0,0,0,0,0,0,2,0,0,0,0,14,0
12,0,0,0,0,1,0,0,33,0,1,14,0,177,0
1,0,0,0,0,1,0,0,0,1,0,0,0,10,0
6,0,0,0,0,2,0,0,13,0,2,6,0,104,0
1,0,0,0,0,1,0,0,0,0,0,0,0,28,0
4,0,1,0,0,0,0,0,19,0,0,43,0,38,0
4,0,0,0,0,0,0,0,14,0,0,20,0,41,0
6,0,2,0,0,0,0,0,5,2,0,39,0,38,0
4,0,0,0,0,0,0,0,12,0,0,2,0,58,0
6,0,0,0,0,1,0,0,11,0,0,1,0,83,0
6,0,0,0,0,0,0,0,8,6,0,14,0,58,0
5,0,0,0,0,1,0,0,11,0,0,0,0,73,0
4,0,0,0,0,1,0,0,17,0,0,4,0,79,0
1,0,1,0,0,1,0,1,0,0,0,15,0,3,0
1,0,0,0,0,0,0,0,0,9,1,0,0,5,0
2,0,0,0,0,0,0,0,0,0,1,0,0,25,0
4,0,0,0,0,0,0,0,0,0,0,0,0,55,0
5,0,0,0,0,2,0,0,1,1,1,18,0,39,0
8,0,0,0,0,1,0,0,12,0,0,34,0,75,0
8,0,2,0,0,4,0,0,18,0,0,65,0,58,0
8,1,1,0,0,1,0,0,19,0,0,37,1,55,0
5,0,0,0,0,2,0,0,0,0,0,0,0,58,0
3,0,0,0,0,0,0,0,6,0,0,22,0,23,0
9,1,2,0,0,0,0,0,22,1,0,56,1,86,0
8,0,2,0,0,0,0,0,21,4,0,73,0,63,0
6,0,1,0,0,1,0,0,19,0,1,15,0,98,0
5,0,0,0,0,1,0,0,31,0,0,8,0,101,0
6,0,0,0,0,1,0,0,14,0,1,10,0,83,0
3,0,0,0,0,1,0,0,16,0,0,6,0,47,0
4,0,0,0,0,0,0,0,14,0,0,10,0,63,0
15,0,0,0,0,3,0,0,31,0,2,41,0,194,0
15,0,1,0,0,3,0,0,46,0,1,34,0,242,0
11,0,0,0,0,0,0,0,34,0,0,16,0,159,0
16,0,0,0,0,4,0,0,26,0,0,22,0,237,0
14,0,0,0,0,2,0,0,52,0,3,7,0,299,0
11,0,0,0,0,0,0,0,86,0,2,23,0,246,0
15,0,0,0,0,1,0,0,47,0,3,26,0,206,0
7,0,0,0,0,0,0,0,52,0,0,12,0,157,0
3,0,0,0,0,1,0,0,0,0,1,0,0,74,0
19,0,0,0,0,0,0,0,51,5,0,0,0,391,0
16,0,0,0,0,2,0,0,46,2,2,0,0,312,0
1,0,0,0,0,0,0,0,0,0,0,0,0,22,0
19,0,0,0,0,1,0,0,39,18,2,49,0,216,0
21,1,7,0,1,3,0,2,23,18,1,204,1,129,0
20,2,4,0,2,1,0,0,36,2,3,168,2,122,0
21,2,11,0,2,1,0,0,59,12,1,249,2,148,0
21,3,9,2,5,1,1,1,27,5,2,275,2,99,0
17,2,11,1,5,1,0,0,12,5,2,211,1,52,0
22,10,18,10,14,5,2,4,30,22,2,396,3,63,1
1,0,0,0,0,0,0,0,0,0,0,0,0,21,0
1,0,0,0,0,0,0,0,11,0,0,4,0,19,0
10,0,1,0,0,2,0,0,25,2,3,41,0,105,0
1,0,0,0,0,0,0,0,0,0,0,0,0,25,0
2,0,0,0,0,0,0,0,11,0,0,0,0,35,0
5,0,0,0,0,2,0,0,6,1,1,26,0,37,0
16,1,8,0,1,3,1,2,20,2,2,181,1,75,0
16,1,9,0,1,5,0,2,16,0,3,160,1,60,0
12,8,10,6,10,1,0,1,5,2,1,236,4,21,1
17,9,11,4,10,3,3,3,24,12,4,268,7,50,1
16,3,8,4,5,3,1,2,10,10,1,173,3,42,0
17,5,8,3,7,3,3,3,17,6,2,229,3,62,0
16,6,11,3,6,3,2,2,14,7,1,242,5,49,0
9,2,6,3,4,1,0,0,7,7,1,133,2,25,0
17,9,12,9,12,5,3,4,10,5,2,286,4,34,1
17,9,14,11,13,2,1,2,4,6,0,327,3,29,1
17,11,17,7,13,1,1,1,10,3,0,380,6,31,1
16,6,8,5,6,2,1,1,17,10,1,236,2,68,1
18,13,15,8,12,3,1,2,31,0,1,367,5,71,1
19,1,5,1,3,0,0,0,40,5,3,153,1,156,0
18,7,12,4,9,2,1,1,47,2,1,296,4,98,0
19,0,0,0,0,5,0,0,39,13,1,72,0,189,0
19,0,0,0,0,2,0,0,53,18,3,76,0,196,0
20,0,1,0,1,2,0,0,47,39,2,49,0,193,0
1,0,0,0,0,0,0,0,0,0,0,0,0,20,0
6,0,0,0,0,0,0,0,52,0,0,1,0,135,0
10,0,0,0,0,5,0,0,45,0,3,2,0,206,0
16,1,2,0,0,1,0,0,54,1,2,113,1,164,0
14,1,1,0,0,0,0,0,39,2,2,43,1,222,0
16,1,4,1,2,1,0,0,29,4,1,106,0,119,0
16,2,8,1,1,3,0,2,35,7,0,164,2,107,0
16,0,1,0,0,0,0,0,30,2,2,60,0,154,0
16,0,3,0,0,0,0,0,11,11,1,64,0,101,0
15,0,3,0,1,3,0,0,8,25,1,92,0,91,0
9,0,1,0,0,1,0,0,31,0,1,26,0,156,0
13,0,0,0,0,1,0,0,77,0,2,5,0,275,0
9,0,0,0,0,2,0,0,11,0,0,0,0,211,0
15,0,0,0,0,3,0,0,95,0,0,75,0,220,0
9,0,0,0,0,3,0,0,48,0,0,0,0,220,0
16,0,0,0,0,1,0,0,47,0,3,16,0,293,0
22,0,0,0,0,5,0,0,36,10,2,0,0,386,0
1,0,0,0,0,1,0,0,0,0,1,0,0,22,0
15,0,0,0,0,4,0,0,102,0,2,14,0,350,0
15,0,0,0,0,3,0,0,67,0,1,67,0,200,0
3,0,1,0,0,1,0,1,0,0,1,15,0,11,0
15,0,6,0,1,1,0,0,25,8,2,99,0,94,0
14,0,2,0,0,3,0,1,12,0,2,68,0,98,0
16,0,4,0,0,3,0,0,25,0,2,140,0,106,0
16,1,3,1,2,2,0,0,21,6,1,105,1,94,0
16,8,11,9,12,3,0,2,6,9,1,271,3,27,1
16,5,10,11,13,2,0,1,15,7,2,216,2,36,1
17,4,11,5,8,5,1,4,10,4,0,258,2,43,0
17,2,3,0,3,2,0,0,14,11,0,129,2,77,0
2,0,0,0,0,1,0,0,15,0,0,1,0,47,0
17,0,0,0,0,3,0,0,72,1,1,48,0,244,0
15,0,0,0,0,3,0,0,40,0,2,43,0,198,0
17,0,0,0,0,3,0,0,74,0,0,17,0,321,0
15,0,0,0,0,2,0,0,20,0,2,14,0,224,0
9,0,2,0,0,1,0,0,33,2,0,51,0,103,0
15,0,0,0,0,5,0,0,79,1,1,61,0,217,0
17,0,0,0,0,1,0,0,46,3,0,34,0,225,0
5,0,0,0,0,1,0,0,0,0,0,0,0,99,0
9,0,0,0,0,1,0,0,62,0,0,5,0,212,0
14,0,0,0,0,2,0,0,74,0,2,12,0,276,0
2,0,0,0,0,1,0,0,6,0,0,0,0,35,0
2,0,0,0,0,0,0,0,16,0,0,5,0,34,0
9,0,0,0,0,0,0,0,34,0,0,20,0,135,0
1,0,0,0,0,0,0,0,0,0,0,0,0,12,0
2,0,0,0,0,0,0,0,13,1,1,12,0,31,0
10,0,1,0,0,2,0,0,23,3,2,50,0,106,0
15,0,0,0,0,2,0,0,18,0,3,13,0,187,0
11,0,1,0,0,3,0,0,30,4,3,63,0,112,0
1,0,0,0,0,0,0,0,0,0,0,0,0,15,0
5,0,1,0,0,3,0,0,6,1,0,39,0,43,0
8,1,3,0,0,1,0,0,18,2,0,109,1,46,0
9,1,4,0,0,4,0,1,12,0,0,91,1,46,0
5,0,0,0,0,1,0,0,10,2,0,15,0,52,0
3,0,1,0,0,0,0,0,5,4,0,16,0,17,0
7,0,2,0,1,0,0,0,11,0,1,59,0,49,0
10,1,7,4,6,0,0,0,4,3,0,140,0,27,1
1,0,0,0,0,0,0,0,8,0,0,6,0,15,0
1,0,0,0,0,0,0,0,0,6,1,0,0,18,0
1,0,0,0,0,0,0,0,14,0,0,0,0,31,0
1,0,0,0,0,0,0,0,1,0,1,0,0,31,0
1,0,1,0,0,0,0,0,5,0,0,18,0,7,0
1,0,0,0,0,0,0,0,2,0,0,0,0,23,0
1,0,0,0,0,0,0,0,9,0,0,10,0,14,0
4,0,2,1,1,1,0,0,1,1,2,36,0,16,0
2,0,0,0,0,0,0,0,5,0,1,10,0,18,0
1,0,0,0,0,0,0,0,16,0,0,6,0,23,0
1,0,0,0,0,0,0,0,0,4,0,0,0,9,0
7,0,0,0,0,0,0,0,16,1,0,32,0,63,0
9,0,1,0,0,1,0,0,13,3,0,55,0,64,0
8,0,0,0,0,3,0,0,16,0,1,20,0,89,0
11,0,0,0,0,1,0,0,34,0,0,52,0,128,0
1,0,0,0,0,0,0,0,0,0,0,0,0,13,0
1,0,0,0,0,0,0,0,0,0,0,0,0,24,0
3,0,0,0,0,0,0,0,0,0,1,0,0,76,0
1,0,0,0,0,0,0,0,0,0,0,0,0,23,0
1,0,0,0,0,0,0,0,0,0,0,0,0,22,0
2,0,0,0,0,0,0,0,0,0,0,0,0,44,0
1,0,0,0,0,0,0,0,0,0,0,0,0,11,0
1,0,0,0,0,0,0,0,4,0,0,1,0,14,0
2,0,0,0,0,0,0,0,5,0,0,0,0,26,0
1,0,0,0,0,0,0,0,0,0,0,0,0,15,0
2,0,0,0,0,0,0,0,0,0,0,0,0,16,0
1,0,0,0,0,0,0,0,0,0,0,0,0,11,0
1,0,0,0,0,1,0,0,5,0,0,0,0,16,0
7,0,0,0,0,2,0,0,26,0,1,0,0,139,0
5,0,0,0,0,0,0,0,6,0,2,0,0,107,0
5,0,0,0,0,0,0,0,18,0,0,2,0,92,0
19,0,0,0,0,0,0,0,52,8,1,12,0,316,0
8,0,0,0,0,1,0,0,20,0,0,0,0,184,0
19,0,0,0,0,2,0,0,32,0,3,0,0,439,0
1,0,0,0,0,0,0,0,6,0,0,0,0,20,0
1,0,0,0,0,0,0,0,8,0,0,6,0,15,0
5,0,0,0,0,1,0,0,18,0,1,2,0,105,0
15,0,0,0,1,2,0,0,27,14,5,32,0,137,0
14,3,6,2,3,1,0,1,22,1,1,172,2,67,0
15,3,7,4,5,6,1,2,16,16,3,166,2,57,1
14,1,2,1,3,1,0,0,9,0,3,65,1,77,0
15,3,8,1,4,1,0,1,22,12,1,183,3,72,1
16,2,4,9,10,1,0,0,0,14,1,99,0,56,0
16,1,2,1,4,3,0,0,11,11,2,81,1,98,0
16,4,10,2,8,0,0,0,18,3,1,217,4,58,0
15,3,11,4,6,0,0,0,11,15,0,228,2,40,1
15,0,3,0,0,3,0,0,21,0,2,97,0,101,0
15,0,0,0,0,2,0,0,69,1,5,62,0,225,0
15,2,4,0,0,1,0,1,51,0,0,169,2,120,0
15,1,3,0,0,4,0,0,29,2,1,115,1,124,0
18,0,1,0,0,5,0,0,46,0,6,49,0,242,0
10,0,0,0,0,2,0,0,14,3,2,1,0,141,0
1,0,0,0,0,0,0,0,4,0,0,8,0,10,0
17,0,0,0,0,1,0,0,51,5,2,0,0,316,0
22,0,0,0,0,5,0,0,33,12,3,8,0,355,0
16,0,0,0,0,4,0,0,31,0,3,8,0,277,0
16,0,1,0,0,2,0,1,29,6,4,77,0,151,0
17,0,0,0,0,1,0,0,47,9,2,67,0,172,0
16,0,0,0,0,2,0,0,46,3,0,27,0,197,0
18,0,0,0,0,3,0,0,43,0,1,11,0,288,0
14,0,3,1,1,0,0,0,28,5,1,68,0,134,0
18,0,1,0,0,2,0,1,39,25,2,68,0,183,0
17,0,2,0,1,3,0,0,13,13,0,151,0,92,0
18,0,4,0,0,5,0,2,53,8,0,150,0,162,0
17,0,1,0,0,2,0,1,35,11,1,60,0,204,0
5,0,0,0,0,1,0,0,10,2,1,6,0,67,0
11,0,1,0,0,2,0,0,46,1,2,34,0,147,0
19,0,0,1,1,5,0,0,17,26,3,22,0,213,0
20,0,0,0,0,2,0,0,45,11,2,63,0,229,0
19,0,0,0,0,0,0,0,19,27,1,51,0,183,0
19,0,0,0,0,2,0,0,59,4,1,88,0,208,0
19,0,0,0,0,1,0,0,22,9,3,58,0,188,0
21,0,0,0,1,3,0,0,14,31,3,72,0,176,0
20,0,0,0,0,1,0,0,12,26,1,43,0,193,0
21,0,0,0,0,1,0,0,25,0,4,69,0,235,0
21,0,0,0,0,1,0,0,28,13,1,37,0,239,0
3,0,0,0,0,0,0,0,12,4,0,10,0,36,0
18,0,0,0,0,2,0,0,48,0,5,17,0,239,0
17,0,0,0,0,3,0,0,24,17,1,58,0,168,0
18,0,2,0,0,5,0,0,46,15,1,49,0,218,0
17,0,0,0,0,2,0,0,27,21,0,96,0,137,0
19,0,3,0,1,5,0,1,36,18,1,142,0,140,0
19,0,0,0,0,2,0,0,18,21,2,89,0,143,0
20,1,2,1,2,2,0,0,35,25,3,93,0,188,0
19,2,4,3,7,0,0,0,8,39,0,171,1,81,0
19,5,15,11,15,2,0,1,7,21,0,317,2,32,0
19,6,15,7,15,1,0,1,4,21,0,322,2,39,0
21,9,16,8,20,3,0,2,5,14,1,385,3,38,1
1,0,0,0,0,0,0,0,0,0,0,0,0,26,0
10,0,0,0,0,3,0,0,36,0,0,2,0,226,0
7,0,0,0,0,1,0,0,2,0,2,0,0,110,0
16,0,0,0,0,1,0,0,128,0,1,17,0,319,0
4,0,0,0,0,1,0,0,25,0,1,6,0,83,0
2,0,0,0,0,0,0,0,8,1,0,0,0,30,0
2,0,1,0,0,0,0,0,4,0,1,18,0,13,0
5,0,0,0,0,1,0,0,20,0,2,14,0,69,0
5,0,0,0,0,0,0,0,33,0,0,0,0,97,0
3,0,0,0,0,0,0,0,0,0,0,0,0,65,0
13,0,1,0,0,5,0,1,25,0,2,41,0,141,0
13,0,1,0,0,1,0,0,71,0,2,45,0,211,0
14,0,1,0,0,0,0,0,39,2,3,49,0,183,0
16,0,2,1,2,1,0,0,25,5,5,58,0,120,0
15,2,3,1,5,3,0,1,28,13,1,118,1,81,0
16,5,9,2,7,0,0,0,13,7,1,223,4,48,0
14,6,7,8,14,0,0,0,4,23,1,183,4,20,0
14,0,2,0,2,3,0,1,10,0,5,36,0,100,0
13,2,6,0,0,2,0,1,21,0,1,116,2,62,0
16,1,5,3,3,1,0,1,9,30,2,118,0,75,0
15,5,9,2,6,3,1,2,10,4,1,205,3,42,0
16,9,12,14,15,3,2,3,0,2,2,279,0,19,1
4,1,1,1,2,1,0,0,0,0,1,37,0,10,0
2,0,0,0,0,0,0,0,0,1,1,1,0,19,0
1,0,0,0,0,0,0,0,0,0,1,0,0,21,0
12,0,0,0,0,2,0,0,73,0,0,9,0,265,0
14,0,0,0,0,2,0,0,24,3,2,16,0,168,0
15,2,5,9,10,3,1,1,7,20,2,114,0,33,0
14,5,8,9,9,4,1,2,4,19,1,213,1,29,1
14,5,9,3,8,3,0,0,9,2,1,207,2,41,0
14,3,10,2,2,2,0,1,41,2,1,220,3,85,1
16,2,7,1,1,1,0,0,18,0,2,134,2,75,0
13,0,0,0,0,1,0,0,5,2,2,20,0,114,0
14,2,3,0,1,1,0,0,22,0,2,103,2,113,0
13,0,2,0,0,0,0,0,45,0,2,49,0,200,0
16,5,9,0,0,1,0,0,58,0,2,209,5,123,1
14,1,1,0,0,2,0,0,20,0,2,47,1,148,0
22,0,0,0,0,5,0,0,20,10,3,0,0,407,0
6,3,3,2,5,0,0,0,3,8,1,93,2,11,1
8,1,4,0,5,1,0,1,2,5,0,80,1,21,0
8,0,4,1,5,3,0,3,0,6,0,92,0,20,0
8,1,5,0,0,1,0,1,8,0,1,104,1,31,0
2,0,1,1,1,1,0,1,0,1,0,18,0,4,0
4,0,1,0,0,0,0,0,11,0,0,27,0,18,0
1,0,0,0,0,0,0,0,0,0,0,0,0,20,0
2,0,0,0,0,1,0,0,5,0,0,2,0,29,0
1,0,0,0,0,0,0,0,3,0,0,0,0,15,0
4,0,0,0,0,1,0,0,26,0,1,4,0,78,0
1,0,0,0,0,1,0,0,15,0,0,2,0,24,0
1,0,0,0,0,0,0,0,0,0,1,0,0,19,0
10,0,0,0,0,0,0,0,53,0,1,12,0,222,0
2,0,0,0,0,0,0,0,5,0,0,10,0,21,0
3,0,0,0,0,0,0,0,0,0,1,8,0,17,0
2,0,0,0,0,0,0,0,7,0,0,20,0,17,0
5,0,2,0,0,0,0,0,20,4,0,41,0,49,0
2,0,0,0,0,0,0,0,4,1,0,12,0,18,0
11,0,0,0,0,2,0,0,57,0,1,20,0,218,0
9,0,0,0,0,1,0,0,19,0,2,0,0,175,0
4,0,0,0,0,0,0,0,13,0,0,1,0,80,0
15,0,0,0,0,3,0,0,46,0,4,4,0,284,0
15,0,1,0,0,1,0,0,102,4,1,55,0,232,0
17,0,1,0,0,3,0,0,60,2,5,86,0,198,0
16,1,1,0,0,3,1,1,53,0,5,72,1,199,0
10,0,2,0,0,1,0,0,31,5,1,73,0,85,0
15,0,0,0,0,2,0,0,33,4,2,2,0,224,0
16,0,0,0,0,2,0,0,31,10,0,26,0,198,0
17,0,0,0,0,2,0,0,40,0,1,48,0,194,0
17,0,0,0,0,1,0,0,27,0,3,24,0,224,0
16,0,0,0,0,2,0,0,11,7,3,21,0,144,0
16,0,0,0,0,2,0,0,20,18,2,20,0,184,0
1,0,0,0,0,0,0,0,0,0,0,0,0,15,0
6,0,1,0,0,1,0,0,13,1,1,17,0,48,0
4,0,1,0,0,3,0,1,25,0,0,15,0,43,0
1,0,0,0,0,0,0,0,7,0,0,8,0,13,0
7,0,0,0,0,1,0,0,23,0,0,0,0,169,0
1,0,0,0,0,0,0,0,4,0,0,10,0,9,0
1,0,0,0,0,0,0,0,0,0,0,0,0,34,0
1,0,0,0,0,0,0,0,0,0,0,0,0,21,0
1,0,0,0,0,0,0,0,0,0,0,0,0,19,0
1,0,0,0,0,0,0,0,5,0,0,0,0,16,0
1,0,0,0,0,0,0,0,0,0,0,0,0,14,0
1,0,0,0,0,0,0,0,0,0,1,0,0,9,0
1,0,0,0,0,0,0,0,7,0,0,1,0,17,0
1,0,0,0,0,0,0,0,7,0,0,8,0,13,0
5,0,0,0,0,2,0,0,53,0,1,34,0,89,0
3,0,0,0,0,0,0,0,6,0,0,2,0,48,0
3,0,0,0,0,0,0,0,1,0,1,4,0,38,0
1,0,0,0,0,0,0,0,0,0,0,0,0,26,0
7,0,0,0,0,0,0,0,37,0,0,0,0,139,0
11,0,0,0,0,0,0,0,111,0,0,5,0,278,0
21,0,0,0,0,3,0,0,45,1,3,1,0,382,0
18,0,0,0,0,1,0,0,43,5,3,5,0,296,0
19,0,0,0,0,2,0,0,26,31,2,1,0,277,0
20,1,1,1,2,2,0,0,25,55,4,45,0,212,0
19,0,0,0,0,0,0,0,42,4,2,1,0,305,0
19,0,0,0,0,2,0,0,57,0,0,2,0,336,0
19,0,0,0,0,1,0,0,31,1,4,27,0,225,0
1,0,0,0,0,1,0,0,1,0,0,1,0,11,0
1,0,0,0,0,0,0,0,2,0,1,0,0,24,0
1,0,0,0,0,0,0,0,0,0,1,0,0,28,0
1,0,0,0,0,0,0,0,2,0,0,1,0,12,0
1,1,1,1,1,0,0,0,0,0,0,25,0,1,0
1,0,0,0,0,0,0,0,0,1,1,0,0,18,0
1,0,0,0,0,0,0,0,0,9,1,0,0,12,0
1,0,0,0,0,0,0,0,11,0,0,4,0,19,0
1,0,0,0,0,0,0,0,0,15,0,0,0,3,0
1,0,0,1,1,0,0,0,0,7,0,4,0,1,0
1,0,0,0,0,0,0,0,0,24,1,0,0,5,0
2,0,0,0,0,0,0,0,4,0,0,6,0,27,0
15,0,1,1,1,3,0,0,48,7,2,78,0,154,0
14,0,1,0,1,4,0,0,44,19,3,67,0,129,0
16,0,7,0,1,3,0,1,31,6,2,136,0,98,0
17,0,3,0,0,2,0,0,27,12,2,76,0,162,0
16,1,5,0,0,1,0,1,59,0,2,113,1,188,0
7,1,2,0,4,1,0,0,1,5,2,75,1,20,0
8,0,0,0,0,1,0,0,0,0,1,0,0,89,0
11,0,0,0,0,0,0,0,21,1,3,8,0,196,0
2,0,0,0,0,0,0,0,10,0,0,0,0,47,0
2,0,0,0,0,0,0,0,8,0,0,0,0,45,0
8,0,0,0,0,2,0,0,81,0,0,10,0,183,0
7,0,0,0,0,0,0,0,23,0,0,28,0,99,0
15,0,0,0,0,1,0,0,72,4,6,60,0,188,0
13,0,0,0,0,2,0,0,39,0,3,9,0,220,0
14,0,0,0,0,5,0,0,37,0,3,15,0,207,0
6,1,3,0,0,0,0,0,16,2,0,86,1,36,0
14,1,5,4,8,1,0,0,10,5,2,137,1,43,0
13,0,1,1,1,0,0,0,10,3,1,62,0,86,0
15,0,2,0,0,3,0,1,35,2,4,61,0,174,0
14,0,0,0,0,0,0,0,23,1,4,24,0,176,0
5,0,0,0,0,1,0,0,45,0,0,2,0,106,0
2,0,0,0,0,0,0,0,0,0,1,0,0,50,0
1,0,0,0,0,0,0,0,0,0,0,0,0,23,0
1,0,0,0,0,0,0,0,0,0,0,0,0,23,0
3,0,0,0,0,2,0,0,3,0,0,10,0,32,0
2,0,0,0,0,0,0,0,1,0,0,1,0,27,0
3,0,0,0,0,1,0,0,0,0,0,0,0,33,0
2,0,0,0,0,0,0,0,11,0,0,16,0,23,0
1,0,1,0,0,1,0,1,6,0,0,18,0,8,0
1,0,0,0,0,0,0,0,0,14,1,0,0,16,0
1,0,0,0,0,0,0,0,11,0,0,10,0,16,0
1,0,1,0,0,0,0,0,23,0,0,15,0,26,0
3,0,0,0,0,0,0,0,11,0,1,3,0,49,0
1,0,0,0,0,0,0,0,0,0,0,0,0,27,0
1,0,0,0,0,0,0,0,0,0,1,0,0,7,0
1,0,0,0,0,0,0,0,0,0,0,0,0,7,0
1,0,0,0,0,1,0,0,10,0,0,2,0,19,0
2,0,0,0,2,0,0,0,0,25,0,12,0,4,0
1,0,0,0,0,0,0,0,24,0,0,4,0,32,0
1,0,1,0,1,0,0,0,0,0,0,18,0,2,0
1,0,0,0,0,0,0,0,0,25,1,0,0,8,0
1,0,0,0,0,0,0,0,6,0,0,12,0,10,0
1,0,0,0,0,0,0,0,0,4,0,0,0,14,0
1,0,0,0,0,0,0,0,18,0,0,2,0,27,0
19,0,0,0,0,2,0,0,34,24,1,27,0,222,0
20,0,0,0,0,2,0,0,41,20,0,46,0,229,0
19,0,0,0,0,0,0,0,50,7,3,48,0,245,0
1,0,0,0,0,0,0,0,0,0,0,0,0,19,0
17,0,0,0,0,3,0,0,96,0,2,10,0,388,0
16,0,0,0,0,3,0,0,60,0,3,28,0,263,0
17,0,0,0,0,3,0,0,38,0,4,21,0,283,0
16,0,0,0,0,3,0,0,31,0,4,20,0,267,0
16,0,0,0,0,2,0,0,34,0,8,24,0,237,0
16,0,0,0,0,5,0,0,49,0,4,21,0,248,0
3,0,0,0,0,1,0,0,22,0,2,0,0,64,0
3,0,0,0,0,0,0,0,38,0,0,5,0,67,0
8,0,0,0,0,3,0,0,37,0,0,13,0,131,0
16,0,0,0,0,3,0,0,54,0,3,4,0,295,0
2,0,0,0,0,0,0,0,0,0,0,0,0,33,0
1,0,0,0,0,0,0,0,3,0,0,8,0,9,0
2,0,0,0,0,0,0,0,16,0,0,16,0,28,0
4,0,0,0,0,1,0,0,0,0,0,0,0,51,0
8,1,1,0,0,0,0,0,36,1,0,63,1,83,0
12,0,3,0,1,3,0,1,39,0,2,68,0,127,0
8,0,0,0,0,0,0,0,21,0,0,24,0,103,0
13,1,2,0,1,0,0,0,45,3,1,86,1,124,0
5,0,1,0,1,1,0,1,1,4,0,32,0,27,0
16,0,0,0,0,2,0,0,41,0,3,8,0,320,0
16,0,0,0,0,5,0,0,15,2,5,20,0,219,0
13,0,0,0,0,0,0,0,28,0,3,22,0,179,0
17,0,0,0,0,1,0,0,55,0,2,12,0,280,0
1,0,0,0,0,0,0,0,3,0,0,10,0,8,0
8,0,1,0,0,2,0,1,17,0,0,48,0,71,0
14,0,0,0,0,4,0,0,25,0,1,6,0,202,0
1,0,0,0,0,1,0,0,5,0,0,0,0,17,0
19,0,0,0,0,2,0,0,44,0,1,0,0,416,0
1,0,0,0,0,0,0,0,9,0,0,0,0,20,0
3,0,0,0,0,0,0,0,16,0,0,8,0,48,0
1,0,0,0,0,0,0,0,0,0,0,0,0,23,0
2,0,0,0,0,1,0,0,0,0,0,0,0,54,0
4,0,2,0,0,0,0,0,6,5,0,44,0,20,0
7,0,0,0,0,2,0,0,33,0,0,18,0,117,0
1,0,0,0,0,0,0,0,11,0,0,0,0,23,0
1,0,0,0,0,0,0,0,14,0,0,6,0,21,0
4,0,0,0,0,2,0,0,2,0,0,8,0,39,0
4,0,0,0,0,1,0,0,12,0,1,4,0,72,0
2,0,0,0,0,1,0,0,9,0,0,6,0,27,0
2,0,0,0,0,0,0,0,0,6,0,0,0,35,0
9,2,5,0,0,2,1,2,26,0,1,104,2,75,0
8,0,2,0,1,0,0,0,13,0,1,50,0,58,0
7,1,2,0,0,0,0,0,11,1,1,50,1,40,0
7,0,0,0,0,0,0,0,23,0,1,9,0,107,0
11,1,1,0,0,2,0,0,40,1,2,34,1,171,0
10,0,0,0,0,2,0,0,9,0,1,8,0,163,0
1,0,0,0,0,1,0,0,0,0,0,0,0,25,0
1,0,0,0,0,0,0,0,0,0,0,0,0,21,0
1,0,0,0,0,1,0,0,0,0,0,0,0,16,0
3,0,0,0,0,1,0,0,18,0,0,6,0,60,0
1,0,0,0,0,0,0,0,0,0,0,0,0,17,0
4,0,0,0,0,0,0,0,9,0,1,0,0,68,0
1,0,0,0,0,0,0,0,0,0,0,0,0,19,0
9,0,4,1,2,1,0,0,20,17,0,91,0,51,0
14,2,4,0,2,2,2,2,25,3,1,139,2,97,0
2,0,0,0,0,1,0,0,0,0,1,0,0,10,0
1,0,0,0,0,0,0,0,4,0,0,2,0,13,0
1,0,0,0,0,0,0,0,0,0,0,0,0,10,0
1,0,0,0,0,0,0,0,12,0,0,6,0,19,0
2,0,0,0,0,1,0,0,0,0,0,0,0,24,0
1,0,0,0,0,0,0,0,9,0,0,2,0,18,0
2,0,1,0,0,0,0,0,27,0,0,21,0,37,0
4,0,0,0,0,1,0,0,0,1,1,2,0,56,0
2,0,0,0,0,1,0,0,10,0,0,1,0,33,0
1,0,0,0,0,1,0,0,5,0,0,2,0,14,0
1,0,0,0,0,1,0,0,0,0,0,0,0,24,0
1,0,0,0,0,0,0,0,0,0,0,0,0,16,0
1,0,0,0,0,0,0,0,7,0,0,1,0,17,0
1,0,0,0,0,0,0,0,0,0,0,0,0,16,0
1,0,0,0,0,0,0,0,10,0,0,0,0,21,0
4,0,2,0,0,0,0,0,13,0,0,38,0,35,0
7,0,3,0,0,0,0,0,14,0,1,71,0,46,0
9,1,2,1,2,1,0,1,17,13,1,70,0,68,0
7,2,6,5,5,2,0,2,5,12,0,118,1,14,1
6,0,3,0,0,1,0,0,18,0,0,48,0,61,0
6,0,0,0,0,2,0,0,3,0,0,0,0,89,0
9,0,0,0,0,0,0,0,19,0,1,22,0,120,0
1,0,0,0,0,0,0,0,0,0,0,0,0,16,0
2,0,0,0,0,0,0,0,9,0,1,0,0,51,0
12,0,0,0,0,0,0,0,42,0,0,2,0,275,0
13,0,0,0,0,2,0,0,11,0,5,2,0,284,0
7,0,0,0,0,0,0,0,7,0,0,14,0,80,0
15,0,0,0,0,0,0,0,81,0,4,29,0,305,0
15,0,0,0,0,3,0,0,54,4,2,6,0,266,0
14,0,0,0,0,3,0,0,22,6,4,10,0,182,0
13,0,0,0,0,1,0,0,55,2,2,5,0,230,0
14,0,0,0,0,4,0,0,75,0,2,25,0,224,0
2,0,0,0,0,0,0,0,0,0,0,0,0,33,0
6,0,0,0,0,0,0,0,17,1,0,24,0,51,0
5,0,0,0,0,1,0,0,7,0,0,5,0,66,0
1,0,0,0,0,1,0,0,10,0,0,4,0,18,0
1,0,0,0,0,0,0,0,0,0,0,0,0,13,0
5,0,1,0,0,1,0,0,33,3,1,22,0,78,0
16,0,0,0,0,0,0,0,72,0,0,32,0,289,0
15,0,0,0,0,0,0,0,139,0,2,38,0,315,0
15,0,0,0,0,3,0,0,45,0,1,8,0,253,0
1,0,0,0,0,1,0,0,11,0,0,0,0,24,0
7,0,0,0,0,0,0,0,14,0,0,0,0,174,0
13,0,0,0,0,1,0,0,62,0,1,24,0,272,0
13,0,0,0,0,2,0,0,35,0,3,2,0,262,0
14,0,0,0,0,0,0,0,14,0,1,0,0,336,0
14,0,0,0,0,0,0,0,64,0,1,14,0,290,0
8,0,0,0,0,1,0,0,20,0,0,0,0,177,0
3,0,0,0,0,1,0,0,0,0,1,0,0,68,0
15,0,0,0,0,2,0,0,43,0,5,4,0,358,0
9,0,0,0,0,2,0,0,32,0,1,14,0,152,0
14,0,0,0,0,2,0,0,23,3,1,38,0,173,0
14,0,0,0,1,0,0,0,9,11,2,14,0,173,0
16,0,0,0,0,4,0,0,51,3,4,36,0,217,0
13,0,0,0,0,2,0,0,75,0,1,26,0,238,0
8,0,0,0,0,1,0,0,46,0,2,11,0,149,0
16,0,0,0,0,1,0,0,60,0,7,33,0,250,0
9,0,0,0,0,0,0,0,30,0,1,12,0,160,0
2,0,0,0,0,1,0,0,0,0,0,0,0,46,0
1,0,0,0,0,0,0,0,0,0,0,0,0,20,0
1,0,0,0,0,0,0,0,7,0,0,4,0,15,0
1,0,0,0,0,1,0,0,0,0,0,0,0,12,0
1,0,0,0,0,0,0,0,0,0,0,0,0,7,0
5,0,1,0,0,1,0,1,6,0,0,38,0,30,0
6,1,3,0,1,2,0,1,3,1,1,76,1,22,0
1,0,0,0,0,0,0,0,7,0,0,8,0,13,0
3,0,1,0,0,0,0,0,15,0,0,34,0,29,0
2,0,0,0,0,1,0,0,0,0,0,0,0,20,0
5,0,0,0,0,0,0,0,17,0,0,0,0,85,0
21,0,0,0,0,1,0,0,45,14,2,29,0,289,0
21,0,1,0,0,1,0,0,38,27,1,93,0,210,0
17,1,1,0,0,1,0,0,42,14,1,75,1,174,0
22,0,1,0,1,5,0,0,11,32,1,113,0,160,0
3,0,0,0,0,0,0,0,3,0,0,6,0,39,0
3,0,0,0,0,0,0,0,15,0,0,6,0,52,0
1,0,0,0,0,0,0,0,0,0,0,0,0,18,0
1,0,0,0,0,1,0,0,0,0,1,0,0,23,0
2,0,0,0,0,0,0,0,0,0,1,0,0,31,0
11,0,0,0,0,3,0,0,29,0,1,28,0,145,0
10,0,2,0,0,0,0,0,19,2,1,57,0,89,0
4,0,0,0,0,0,0,0,0,0,2,0,0,50,0
2,0,0,0,0,0,0,0,3,2,0,0,0,37,0
4,0,0,0,0,0,0,0,14,0,0,22,0,43,0
1,0,0,0,0,0,0,0,0,0,0,0,0,19,0
4,0,0,0,0,2,0,0,8,1,0,1,0,46,0
4,0,0,0,0,1,0,0,24,0,0,6,0,68,0
6,0,0,0,0,3,0,0,18,0,1,28,0,73,0
17,0,1,0,0,3,0,0,24,3,5,65,0,146,0
16,0,2,0,0,3,0,1,31,12,2,67,0,140,0
16,0,3,0,0,2,0,0,64,0,3,140,0,157,0
17,0,3,0,0,5,0,1,32,3,4,105,0,144,0
17,3,5,1,7,2,0,0,5,13,3,156,3,58,0
17,1,6,0,3,1,0,0,5,38,1,157,1,59,0
15,2,3,3,6,2,0,0,30,14,2,146,1,90,0
11,0,1,0,1,2,0,0,8,5,2,61,0,71,0
18,0,2,1,1,0,0,0,45,12,1,122,0,155,0
18,0,1,0,0,2,0,0,31,10,1,59,0,179,0
17,0,0,0,0,3,0,0,29,7,3,18,0,210,0
14,0,0,0,0,2,0,0,37,0,3,5,0,238,0
10,0,0,0,0,0,0,0,47,0,2,6,0,221,0
13,0,0,0,0,1,0,0,83,0,1,10,0,301,0
1,0,0,0,0,0,0,0,0,0,0,0,0,23,0
1,0,0,0,0,0,0,0,0,12,1,0,0,17,0
1,0,0,0,0,0,0,0,9,0,1,0,0,32,0
5,0,0,0,0,0,0,0,5,0,0,12,0,52,0
1,0,0,0,0,0,0,0,0,5,1,0,0,26,0
1,0,0,0,0,0,0,0,11,0,0,0,0,22,0
2,0,1,0,0,0,0,0,1,0,0,15,0,16,0
2,0,0,0,0,0,0,0,20,0,0,22,0,29,0
1,0,0,0,0,0,0,0,0,1,0,6,0,6,0
1,0,0,0,0,1,0,0,0,0,0,0,0,14,0
2,0,1,0,0,0,0,0,6,0,0,15,0,21,0
10,0,0,0,0,2,0,0,36,0,0,46,0,125,0
8,0,0,0,0,2,0,0,6,2,1,1,0,120,0
1,0,0,0,0,0,0,0,0,0,0,0,0,22,0
1,0,0,0,0,0,0,0,0,0,0,0,0,16,0
1,0,0,0,0,0,0,0,17,0,0,0,0,29,0
7,0,0,0,0,1,0,0,43,0,0,6,0,150,0
15,0,3,2,4,2,0,1,10,6,3,61,0,156,0
14,2,3,3,6,1,0,0,8,29,1,101,2,108,0
14,0,1,4,6,5,0,0,20,28,4,52,0,95,0
16,2,4,5,9,1,0,0,11,16,6,84,1,55,0
15,3,7,4,8,1,0,0,11,18,0,160,2,49,0
16,0,4,0,1,1,0,1,45,1,1,122,0,160,0
1,0,0,0,0,0,0,0,3,0,0,12,0,7,0
16,0,0,0,0,0,0,0,20,6,1,77,0,126,0
14,0,0,0,0,0,0,0,43,0,1,11,0,238,0
13,0,0,0,0,3,0,0,37,0,3,1,0,275,0
9,0,0,0,0,3,0,0,73,0,2,12,0,198,0
1,0,0,0,0,0,0,0,8,0,0,0,0,22,0
1,0,0,0,0,0,0,0,8,0,0,2,0,17,0
5,0,0,0,0,0,0,0,12,0,0,8,0,103,0
1,0,0,0,1,0,0,0,0,0,0,0,0,2,0
4,0,0,0,0,1,0,0,7,3,1,20,0,39,0
16,0,0,0,0,3,0,0,62,0,5,8,0,305,0
10,0,0,0,0,2,0,0,37,0,1,4,0,205,0
12,0,0,0,0,2,0,0,20,0,1,6,0,192,0
17,0,0,0,0,5,0,0,51,1,5,36,0,242,0
2,0,0,0,0,0,0,0,5,0,1,6,0,27,0
5,0,0,0,0,2,0,0,11,0,0,1,0,73,0
1,0,0,0,0,0,0,0,0,0,0,0,0,13,0
2,0,0,0,0,1,0,0,12,0,1,6,0,28,0
7,0,0,0,0,1,0,0,26,0,0,11,0,138,0
2,0,0,0,0,1,0,0,22,0,0,0,0,48,0
2,0,0,0,0,0,0,0,0,0,1,0,0,36,0
9,0,0,0,0,1,0,0,22,2,3,12,0,129,0
14,0,1,0,0,1,0,0,39,0,2,53,0,153,0
15,0,0,0,0,2,0,0,38,0,2,13,0,240,0
14,0,1,0,0,1,0,0,43,0,3,36,0,186,0
15,0,2,1,1,6,0,2,14,0,2,40,0,154,0
15,1,3,0,3,1,1,1,22,7,3,68,1,100,0
14,1,2,1,2,1,0,0,8,8,1,49,1,94,0
16,0,1,0,0,1,0,0,35,0,3,40,0,230,0
16,0,0,0,0,3,0,0,15,0,3,5,0,217,0
16,0,0,0,0,0,0,0,28,8,2,26,0,177,0
16,0,1,0,0,0,0,0,10,9,0,31,0,147,0
16,0,0,0,0,3,0,0,21,7,1,56,0,159,0
16,0,6,1,2,3,0,2,30,8,1,136,0,87,0
16,1,1,0,2,1,0,0,11,20,0,105,1,92,0
16,2,8,4,7,4,0,2,17,8,2,176,0,57,0
16,1,9,1,11,3,0,2,4,8,3,177,1,40,0
15,0,2,0,0,4,0,0,23,9,3,88,0,111,0
8,0,0,0,0,1,0,0,31,1,1,17,0,113,0
1,0,0,0,0,1,0,0,3,0,0,1,0,13,0
6,0,1,0,0,3,0,0,23,0,0,30,0,79,0
2,0,0,0,0,0,0,0,20,0,0,20,0,30,0
3,0,0,0,0,1,0,0,15,0,0,0,0,69,0
3,0,1,0,1,1,0,0,9,0,0,34,0,23,0
7,0,3,0,2,2,0,1,8,15,0,62,0,32,0
9,0,2,0,1,1,0,0,8,6,2,43,0,66,0
10,0,5,0,0,2,0,0,22,0,0,118,0,66,0
10,0,2,0,0,0,0,0,44,3,0,96,0,96,0
8,1,1,0,0,1,0,0,5,9,0,47,1,56,0
5,0,0,0,0,1,0,0,3,1,1,22,0,35,0
6,0,0,0,0,2,0,0,18,0,0,0,0,135,0
4,0,0,0,0,1,0,0,25,0,0,4,0,89,0
12,0,0,0,0,2,0,0,16,4,2,0,0,238,0
1,0,0,0,0,0,0,0,6,0,0,1,0,16,0
8,0,0,0,0,0,0,0,15,1,0,0,0,141,0
3,0,0,0,0,1,0,0,15,2,0,0,0,50,0
5,0,1,0,0,1,0,0,6,8,0,19,0,44,0
16,0,0,0,0,3,0,0,17,16,1,102,0,110,0
18,1,7,1,3,5,0,2,28,13,2,184,1,105,0
17,0,1,0,0,2,0,0,23,21,1,47,0,182,0
19,0,3,0,1,5,0,2,26,6,2,136,0,132,0
21,0,0,0,0,1,0,0,40,6,0,1,0,393,0
2,0,0,0,0,0,0,0,4,0,0,0,0,33,0
1,0,0,0,0,0,0,0,9,0,0,0,0,23,0
3,0,0,0,0,0,0,0,9,0,1,12,0,34,0
4,0,0,0,0,0,0,0,2,0,0,8,0,54,0
7,0,1,0,0,3,0,1,3,7,1,37,0,33,0
1,0,0,0,0,0,0,0,0,0,0,0,0,8,0
5,0,1,0,0,2,0,1,12,0,0,17,0,71,0
3,0,0,0,0,1,0,0,0,0,0,0,0,35,0
5,0,0,0,0,1,0,0,15,0,1,4,0,83,0
1,0,0,0,0,1,0,0,8,0,0,0,0,22,0
1,0,0,0,0,0,0,0,6,0,0,0,0,17,0
1,0,0,0,0,0,0,0,0,0,0,0,0,24,0
1,0,0,0,0,0,0,0,8,0,0,0,0,21,0
8,0,0,0,0,0,0,0,13,0,3,4,0,143,0
12,0,0,0,0,0,0,0,30,0,1,0,0,225,0
1,0,0,0,0,0,0,0,0,0,0,0,0,32,0
13,0,0,0,0,1,0,0,37,2,0,0,0,237,0
3,0,0,0,0,0,0,0,10,0,0,8,0,59,0
8,0,0,0,0,4,0,0,41,0,0,32,0,113,0
6,0,0,0,0,1,0,0,22,0,0,38,0,55,0
2,0,0,0,0,0,0,0,19,0,0,8,0,52,0
4,0,0,0,0,1,0,0,0,0,0,0,0,89,0
3,0,1,0,0,0,0,0,10,0,0,24,0,32,0
14,0,0,0,0,3,0,0,35,0,2,49,0,147,0
1,0,0,0,0,0,0,0,0,0,0,0,0,26,0
16,0,0,0,0,3,0,0,37,0,2,0,0,364,0
1,0,0,0,0,1,0,0,0,0,0,0,0,15,0
1,0,0,0,0,0,0,0,0,0,0,0,0,18,0
1,0,0,0,0,0,0,0,0,2,0,0,0,25,0
1,0,0,0,0,0,0,0,0,1,0,0,0,22,0
1,0,0,0,0,0,0,0,0,6,0,0,0,10,0
1,0,0,0,0,0,0,0,0,6,0,0,0,16,0
1,0,0,0,0,0,0,0,2,0,1,0,0,30,0
1,0,0,0,0,0,0,0,7,0,0,4,0,15,0
1,0,0,0,0,0,0,0,0,6,0,0,0,24,0
1,0,0,0,0,0,0,0,0,9,0,0,0,11,0
2,1,1,0,0,0,0,0,5,0,0,25,1,25,0
1,0,1,0,0,0,0,0,1,0,0,18,0,3,0
1,0,0,0,0,0,0,0,0,0,0,0,0,17,0
1,0,0,0,0,0,0,0,9,0,0,0,0,20,0
3,0,0,0,0,1,0,0,0,0,0,0,0,68,0
2,0,0,0,0,1,0,0,19,0,0,8,0,37,0
1,0,0,0,0,1,0,0,0,0,0,0,0,16,0
1,0,0,0,0,0,0,0,8,0,0,4,0,16,0
1,0,0,0,0,0,0,0,3,0,0,2,0,12,0
2,0,0,0,0,1,0,0,0,0,2,0,0,40,0
1,0,0,0,0,0,0,0,15,0,0,0,0,26,0
1,0,0,0,0,0,0,0,13,0,0,4,0,21,0
10,0,1,0,0,0,0,0,48,0,1,51,0,152,0
10,0,0,0,0,2,0,0,27,1,1,25,0,152,0
8,0,0,0,0,2,0,0,53,1,1,2,0,158,0
4,0,0,0,0,1,0,0,11,3,0,0,0,60,0
4,0,0,0,0,0,0,0,9,0,1,0,0,59,0
6,0,0,0,0,1,0,0,31,0,2,6,0,113,0
3,0,0,0,0,2,0,0,22,0,0,8,0,51,0
9,0,0,0,0,0,0,0,49,0,1,4,0,179,0
7,0,0,0,0,0,0,0,2,4,1,0,0,112,0
19,0,3,0,1,2,0,0,21,17,6,96,0,147,0
19,0,6,0,0,0,0,0,47,21,1,132,0,154,0
19,0,0,0,0,2,0,0,37,9,1,8,0,284,0
19,0,1,0,0,1,0,0,37,9,4,51,0,195,0
21,0,0,0,0,3,0,0,57,16,1,29,0,295,0
20,0,0,0,0,1,0,0,47,9,1,28,0,264,0
21,0,0,0,0,1,0,0,17,24,4,37,0,213,0
21,0,0,0,0,1,0,0,10,26,2,8,0,243,0
15,0,0,0,0,1,0,0,29,6,1,2,0,250,0
1,0,0,0,0,1,0,0,0,0,1,0,0,10,0
2,0,1,0,0,1,0,1,23,0,0,15,0,43,0
2,0,0,0,0,0,0,0,0,0,1,0,0,22,0
1,0,0,0,0,0,0,0,0,0,0,0,0,15,0
5,0,0,0,0,0,0,0,13,0,2,14,0,60,0
2,0,0,0,0,0,0,0,2,0,0,8,0,29,0
3,0,0,0,0,0,0,0,9,0,1,0,0,46,0
6,0,0,0,0,1,0,0,5,1,0,10,0,70,0
2,0,0,0,0,0,0,0,5,0,0,4,0,31,0
9,0,0,0,0,0,0,0,20,0,0,10,0,122,0
11,0,5,0,0,2,0,1,42,0,0,114,0,105,0
12,0,1,0,0,2,0,0,60,1,2,65,0,142,0
15,4,7,9,12,2,0,1,5,20,1,151,2,29,0
15,3,4,1,4,3,0,0,22,22,1,115,3,100,0
14,0,0,0,0,4,0,0,26,2,0,36,0,179,0
16,1,1,1,2,3,1,1,9,27,5,42,1,122,0
17,0,1,0,0,2,0,1,38,11,3,39,0,177,0
14,2,7,3,6,1,1,1,22,2,2,159,1,58,0
1,0,0,0,0,0,0,0,11,0,0,4,0,19,0
5,0,0,0,0,1,0,0,0,0,0,0,0,85,0
2,0,0,0,0,2,0,0,0,0,0,0,0,17,0
1,0,0,0,0,0,0,0,0,0,0,0,0,20,0
3,0,0,0,0,1,0,0,3,0,0,0,0,30,0
4,0,0,0,0,0,0,0,10,0,1,10,0,50,0
9,0,2,0,0,0,0,0,35,0,0,67,0,88,0
7,0,0,0,1,0,0,0,8,4,0,24,0,79,0
3,0,0,0,0,1,0,0,7,0,0,4,0,40,0
5,0,0,0,0,2,0,0,31,0,0,21,0,73,0
7,0,0,0,0,1,0,0,0,0,0,0,0,87,0
14,0,0,0,0,5,0,0,31,0,1,20,0,193,0
15,0,1,1,1,1,0,0,34,8,5,81,0,127,0
17,0,1,0,0,3,0,0,28,6,3,58,0,162,0
16,0,0,0,1,3,0,0,26,0,3,74,0,129,0
17,0,1,0,0,3,0,1,8,11,2,18,0,189,0
15,0,0,0,0,2,0,0,24,0,2,23,0,197,0
15,0,3,1,1,2,0,2,27,11,1,98,0,98,0
17,1,9,1,2,5,1,2,28,0,1,205,1,82,0
17,0,10,0,3,2,0,1,19,13,2,195,0,76,0
17,4,10,3,8,1,0,1,8,4,1,223,3,49,0
16,2,8,3,6,2,0,1,8,2,3,163,0,58,0
18,2,14,4,8,3,1,2,26,12,1,271,0,82,0
19,0,4,0,0,0,0,0,71,20,0,103,0,200,0
18,0,0,0,0,2,0,0,27,35,0,83,0,137,0
17,0,0,0,0,3,0,0,50,1,1,6,0,256,0
17,0,1,0,0,5,0,1,41,3,1,29,0,257,0
17,2,6,1,4,2,0,0,17,16,0,196,2,77,0
19,0,0,0,0,5,0,0,23,28,2,47,0,179,0
19,0,0,0,0,2,0,0,37,13,0,4,0,282,0
2,0,0,0,0,1,0,0,2,1,0,8,0,18,0
5,0,2,0,0,1,0,0,14,0,0,33,0,59,0
1,0,0,0,0,0,0,0,0,0,0,0,0,23,0
1,0,0,0,0,0,0,0,12,0,0,0,0,26,0
1,0,0,0,0,0,0,0,0,0,0,0,0,24,0
12,0,0,0,0,2,0,0,62,0,6,13,0,243,0
8,0,0,0,0,0,0,0,12,0,1,0,0,178,0
6,0,0,0,0,0,0,0,28,0,0,2,0,124,0
3,0,0,0,0,0,0,0,13,0,1,0,0,71,0
7,0,0,0,0,2,0,0,12,0,1,0,0,146,0
7,0,0,0,0,2,0,0,21,0,2,0,0,151,0
7,0,0,0,0,2,0,0,29,1,0,0,0,159,0
1,0,0,0,0,1,0,0,0,5,0,0,0,25,0
1,0,0,0,0,0,0,0,0,0,0,0,0,12,0
1,0,1,0,0,0,0,0,2,0,0,15,0,5,0
1,0,1,0,0,0,0,0,6,0,0,15,0,9,0
2,0,0,0,0,0,0,0,23,0,1,0,0,54,0
1,0,0,0,0,0,0,0,0,13,0,0,0,6,0
1,0,1,0,0,0,0,0,11,0,0,18,0,13,0
1,1,1,0,0,0,0,0,12,0,0,25,1,13,0
1,0,0,0,0,0,0,0,0,0,0,0,0,17,0
1,0,0,0,0,0,0,0,11,0,0,0,0,23,0
1,0,0,0,0,0,0,0,0,0,0,0,0,17,0
1,0,0,0,0,0,0,0,7,0,0,0,0,20,0
1,0,0,0,0,0,0,0,0,0,1,0,0,14,0
1,0,0,0,0,0,0,0,0,0,0,0,0,22,0
1,0,0,0,0,0,0,0,9,0,0,4,0,17,0
16,0,0,0,0,0,0,0,62,0,2,51,0,242,0
14,0,0,0,0,3,0,0,23,2,3,33,0,156,0
12,0,0,0,0,1,0,0,67,0,3,27,0,235,0
14,0,0,0,0,1,0,0,33,0,4,28,0,192,0
16,0,0,0,0,4,0,0,30,1,6,15,0,253,0
18,0,0,0,0,2,0,0,65,3,2,4,0,291,0
10,0,0,0,0,1,0,0,19,0,4,2,0,177,0
8,0,0,0,0,2,0,0,17,4,1,16,0,115,0
18,1,1,1,1,5,1,1,38,6,3,93,0,198,0
17,4,8,4,8,2,1,1,21,18,3,206,1,75,0
19,5,10,10,14,5,0,0,6,32,1,256,2,37,1
19,11,17,15,18,2,0,2,2,7,0,392,2,24,1
20,5,10,6,8,2,0,0,49,33,0,281,2,101,1
19,13,16,9,15,0,0,0,11,4,0,397,5,39,1
19,0,4,0,3,2,0,1,53,13,0,163,0,149,0
19,3,13,1,3,1,0,1,46,8,1,278,2,101,0
21,0,7,0,0,3,0,0,36,2,3,212,0,127,0
20,5,13,4,14,1,0,0,24,10,1,317,4,63,0
21,5,12,5,10,1,0,0,15,19,1,320,3,60,0
21,1,9,2,7,1,0,1,31,44,1,238,1,89,0
17,0,1,0,0,1,0,1,27,5,1,33,0,205,0
22,0,1,0,0,5,0,0,38,24,2,48,0,259,0
18,0,0,0,0,5,0,0,28,27,3,14,0,246,0
9,0,0,0,0,2,0,0,33,0,2,9,0,155,0
17,0,0,0,0,2,0,0,29,8,3,20,0,241,0
19,0,0,0,0,5,0,0,45,4,4,8,0,281,0
19,0,0,0,0,2,0,0,62,9,2,15,0,277,0
21,0,0,0,0,1,0,0,40,10,1,1,0,339,0
1,0,0,0,0,0,0,0,5,0,0,6,0,12,0
5,0,0,0,0,1,0,0,18,0,0,28,0,54,0
2,0,0,0,0,0,0,0,11,0,0,6,0,36,0
17,0,0,0,0,1,0,0,43,10,0,14,0,238,0
20,0,3,0,0,2,0,1,81,10,4,66,0,244,0
19,0,0,0,0,0,0,0,42,26,0,49,0,209,0
19,0,1,0,0,2,0,0,53,4,4,53,0,229,0
19,0,1,0,0,1,0,0,35,7,0,78,0,195,0
21,0,2,0,0,3,0,1,40,15,0,101,0,205,0
20,0,0,0,0,1,0,0,44,23,0,100,0,177,0
21,0,1,0,0,1,0,0,48,27,0,62,0,233,0
21,0,0,0,0,1,0,0,72,6,1,52,0,277,0
15,1,2,0,0,1,0,1,28,27,0,125,1,111,0
22,1,5,0,1,5,0,1,49,36,2,189,1,154,0
17,0,0,0,0,3,0,0,55,0,3,29,0,278,0
16,0,0,0,0,3,0,0,80,0,1,16,0,319,0
1,0,0,0,0,0,0,0,13,0,0,0,0,31,0
1,0,0,0,0,0,0,0,4,0,0,0,0,23,0
1,0,0,0,0,0,0,0,2,0,0,0,0,19,0
9,0,0,0,0,2,0,0,36,0,3,8,0,177,0
1,0,0,0,0,0,0,0,0,0,0,0,0,20,0
2,0,0,0,0,1,0,0,12,0,0,10,0,36,0
7,0,0,0,0,0,0,0,19,0,1,14,0,105,0
1,0,0,0,0,0,0,0,0,0,0,0,0,24,0
1,0,0,0,0,0,0,0,0,0,0,0,0,22,0
3,0,0,0,0,2,0,0,0,0,0,0,0,73,0
2,0,0,0,0,0,0,0,4,0,0,0,0,42,0
7,0,0,0,0,3,0,0,39,0,2,9,0,151,0
3,0,0,0,0,0,0,0,35,0,0,7,0,68,0
1,0,0,0,0,1,0,0,0,6,0,0,0,14,0
1,0,0,0,0,0,0,0,7,0,0,0,0,29,0
1,0,0,0,0,0,0,0,0,1,0,0,0,18,0
1,0,0,0,0,0,0,0,0,1,0,0,0,29,0
9,0,0,0,0,1,0,0,95,0,0,30,0,201,0
2,0,0,0,0,0,0,0,0,0,0,0,0,54,0
6,0,0,0,0,0,0,0,18,0,0,6,0,95,0
3,0,0,0,0,0,0,0,13,1,0,12,0,53,0
16,0,2,0,1,3,0,0,83,7,3,112,0,193,0
16,0,4,0,0,0,0,0,52,0,1,93,0,180,0
16,0,5,0,0,0,0,0,61,0,1,127,0,159,0
10,0,0,0,0,0,0,0,48,0,0,5,0,225,0
8,0,1,0,0,2,0,0,24,0,0,29,0,146,0
1,0,0,0,0,0,0,0,0,0,0,0,0,25,0
1,0,0,0,0,0,0,0,0,0,0,0,0,15,0
10,0,0,0,0,2,0,0,45,0,1,0,0,221,0
14,0,1,0,0,2,0,0,5,7,2,20,0,163,0
14,0,0,0,0,1,0,0,31,5,2,18,0,224,0
16,0,1,0,1,4,0,0,26,10,0,45,0,160,0
12,0,0,0,0,2,0,0,32,0,2,14,0,228,0
1,0,0,0,0,0,0,0,0,0,1,0,0,17,0
1,0,0,0,0,1,0,0,6,0,0,4,0,14,0
5,0,0,0,0,2,0,0,0,0,0,0,0,62,0
4,0,0,0,0,0,0,0,6,3,0,10,0,44,0
6,0,1,0,0,2,0,0,6,7,0,16,0,28,0
7,1,3,1,3,1,0,1,7,18,0,75,0,31,0
9,2,4,1,2,3,1,2,22,0,0,93,2,64,0
7,2,2,1,3,0,0,0,4,7,1,64,2,15,0
10,4,5,3,5,0,0,0,12,0,0,118,3,40,0
8,2,3,4,5,0,0,0,5,0,0,68,0,20,0
6,2,3,5,5,1,1,1,0,5,0,77,0,9,0
9,2,2,1,1,3,1,1,2,0,0,66,1,44,0
1,0,0,0,0,0,0,0,2,0,0,1,0,12,0
20,0,0,0,0,1,0,0,44,10,2,13,0,292,0
21,0,0,0,0,1,0,0,74,5,0,12,0,333,0
6,0,0,1,1,0,0,0,12,1,0,28,0,47,0
8,0,2,1,1,0,0,0,11,0,1,42,0,46,0
1,0,0,0,0,1,0,0,0,0,1,0,0,26,0
17,0,0,0,0,3,0,0,41,0,5,6,0,341,0
17,0,0,0,0,1,0,0,46,2,4,20,0,261,0
1,0,0,0,0,0,0,0,7,0,0,8,0,13,0
18,0,1,0,1,3,0,0,18,19,1,89,0,148,0
14,0,0,0,0,0,0,0,32,32,1,7,0,162,0
17,0,0,0,0,1,0,0,50,0,3,1,0,334,0
17,0,0,0,0,3,0,0,55,3,2,12,0,294,0
4,0,0,0,0,0,0,0,17,0,0,0,0,82,0
2,0,0,0,0,1,0,0,0,0,2,0,0,35,0
8,0,0,0,0,2,0,0,33,0,1,1,0,166,0
13,0,0,0,0,2,0,0,53,0,0,4,0,283,0
1,0,0,0,0,0,0,0,10,0,0,0,0,27,0
7,0,0,0,0,0,0,0,0,0,1,0,0,129,0
12,0,1,0,0,0,0,0,34,0,1,39,0,140,0
13,0,0,1,1,2,0,0,7,0,0,0,0,167,0
16,0,0,2,2,0,0,0,9,4,1,22,0,151,0
16,0,1,0,0,0,0,0,15,0,1,65,0,121,0
1,0,0,0,0,0,0,0,0,0,0,0,0,21,0
1,0,0,0,0,0,0,0,0,0,0,0,0,18,0
1,0,0,0,0,0,0,0,16,0,0,0,0,28,0
1,0,0,0,0,0,0,0,0,0,0,0,0,21,0
10,0,0,0,0,0,0,0,49,0,0,16,0,170,0
15,0,0,0,0,0,0,0,60,0,2,32,0,246,0
16,0,1,0,0,3,0,0,54,9,1,65,0,189,0
16,0,0,0,0,0,0,0,54,0,1,29,0,271,0
16,0,1,0,0,0,0,0,7,17,1,75,0,100,0
16,0,5,0,0,3,0,1,48,5,0,129,0,134,0
16,2,5,0,0,3,2,2,29,10,1,129,2,116,0
16,1,3,1,1,1,0,0,17,2,1,130,0,90,0
15,0,0,0,0,3,0,0,73,0,2,21,0,275,0
15,0,0,0,0,3,0,0,57,0,3,23,0,201,0
9,0,0,0,0,2,0,0,57,0,0,2,0,197,0
19,0,1,0,0,0,0,0,91,3,0,21,0,327,0
17,0,0,0,0,2,0,0,39,0,3,2,0,308,0
2,0,0,0,0,1,0,0,0,0,0,0,0,49,0
2,0,0,0,0,1,0,0,17,0,0,1,0,56,0
4,0,0,0,0,0,0,0,0,0,0,0,0,75,0
10,0,1,0,0,2,0,0,29,5,0,26,0,136,0
12,0,0,0,0,2,0,0,22,17,2,20,0,169,0
1,0,0,0,0,1,0,0,10,0,0,0,0,24,0
7,0,0,0,0,1,0,0,33,0,2,2,0,163,0
1,0,0,0,0,0,0,0,0,0,0,0,0,11,0
4,0,0,0,0,1,0,0,14,0,0,6,0,66,0
18,0,1,0,0,5,0,0,41,7,2,66,0,199,0
14,0,2,0,1,2,0,1,69,14,0,76,0,165,0
19,0,0,0,0,5,0,0,35,3,2,0,0,384,0
19,0,0,0,0,2,0,0,33,0,2,0,0,394,0
19,0,0,0,0,2,0,0,57,0,0,0,0,388,0
2,0,0,0,0,0,0,0,13,0,0,4,0,48,0
1,0,0,0,0,0,0,0,0,0,0,0,0,22,0
9,0,0,0,0,1,0,0,17,3,4,13,0,119,0
14,0,1,1,2,4,0,1,50,1,5,53,0,140,0
16,0,1,0,0,3,0,0,80,1,0,70,0,200,0
3,0,0,0,0,0,0,0,0,0,1,0,0,36,0
3,0,0,0,0,0,0,0,15,0,0,0,0,60,0
2,0,0,0,0,0,0,0,0,0,2,0,0,52,0
2,0,0,0,0,0,0,0,7,0,0,1,0,28,0
1,0,0,0,0,0,0,0,0,0,0,0,0,17,0
2,0,0,0,0,0,0,0,7,0,0,4,0,31,0
2,0,0,0,0,2,0,0,3,23,0,10,0,16,0
1,0,0,0,0,0,0,0,0,0,1,2,0,9,0
1,0,0,0,0,0,0,0,6,0,0,0,0,30,0
1,0,0,0,0,0,0,0,0,3,1,2,0,6,0
2,0,0,0,0,0,0,0,0,28,0,0,0,16,0
1,0,1,0,1,0,0,0,0,0,0,18,0,2,0
1,0,0,0,0,0,0,0,0,17,1,0,0,5,0
1,0,0,0,0,0,0,0,7,0,0,0,0,22,0
1,0,0,0,0,0,0,0,5,0,0,12,0,9,0
1,0,0,0,0,0,0,0,11,0,0,12,0,15,0
1,0,0,0,0,0,0,0,0,5,0,0,0,18,0
10,0,0,0,0,3,0,0,28,2,4,26,0,130,0
1,0,0,0,0,0,0,0,0,0,1,0,0,9,0
6,1,2,0,0,0,0,0,4,8,0,51,1,24,0
10,3,3,1,3,0,0,0,8,0,1,81,3,54,0
8,2,4,2,3,0,0,0,4,0,0,85,0,47,0
7,0,0,0,1,1,0,0,11,1,1,32,0,59,0
8,0,1,0,0,2,0,0,11,15,0,29,0,68,0
1,0,0,0,0,0,0,0,4,0,0,0,0,25,0
1,0,0,0,0,1,0,0,0,0,0,0,0,25,0
3,0,0,0,0,1,0,0,1,0,0,0,0,56,0
2,0,0,0,0,2,0,0,22,0,0,0,0,46,0
9,0,2,0,0,1,0,0,51,0,0,65,0,116,0
10,0,1,0,0,2,0,1,21,5,1,50,0,94,0
3,0,0,0,0,0,0,0,25,0,0,20,0,58,0
1,0,0,0,0,0,0,0,2,0,0,0,0,13,0
1,0,0,0,0,0,0,0,7,0,0,0,0,22,0
1,0,0,0,0,0,0,0,6,0,0,4,0,14,0
2,0,0,0,0,2,0,0,5,0,0,0,0,47,0
1,0,0,0,0,0,0,0,0,0,0,0,0,10,0
1,0,0,0,0,1,0,0,0,0,0,0,0,10,0
1,0,0,0,0,0,0,0,0,0,0,0,0,14,0
2,0,0,0,0,0,0,0,8,0,0,0,0,40,0
4,0,0,0,0,2,0,0,11,0,2,4,0,77,0
1,0,0,0,0,0,0,0,0,0,0,0,0,18,0
16,0,0,0,0,3,0,0,45,0,4,4,0,279,0
15,0,0,0,0,1,0,0,32,0,2,10,0,299,0
1,0,0,0,0,0,0,0,11,0,0,1,0,21,0
2,0,0,0,0,1,0,0,21,0,0,0,0,47,0
4,0,0,0,0,0,0,0,16,0,1,16,0,48,0
5,0,0,0,0,1,0,0,0,0,0,18,0,52,0
3,0,0,0,0,1,0,0,14,0,0,8,0,51,0
7,0,0,0,0,1,0,0,15,0,0,38,0,79,0
2,0,0,0,0,1,0,0,5,0,0,4,0,34,0
1,0,0,0,0,1,0,0,12,0,0,6,0,19,0
1,0,0,0,0,0,0,0,7,0,0,0,0,19,0
1,0,0,0,0,0,0,0,1,0,0,0,0,14,0
9,0,1,0,0,1,0,0,14,4,2,26,0,108,0
9,0,0,0,0,2,0,0,13,6,0,17,0,92,0
7,0,0,0,0,0,0,0,14,0,1,14,0,105,0
1,0,0,0,0,1,0,0,0,0,0,0,0,18,0
1,0,0,0,0,1,0,0,9,0,0,0,0,24,0
1,0,0,0,0,0,0,0,0,17,0,0,0,6,0
1,1,1,0,0,0,0,0,6,0,0,25,1,7,0
1,0,0,0,0,0,0,0,7,0,0,12,0,11,0
1,0,0,0,0,0,0,0,0,20,1,0,0,11,0
1,0,0,0,0,0,0,0,0,28,0,0,0,3,0
1,0,0,0,0,0,0,0,8,0,0,1,0,18,0
1,0,0,0,0,0,0,0,0,14,0,0,0,6,0
14,0,0,0,0,2,0,0,66,0,3,4,0,285,0
16,0,0,0,0,5,0,0,38,0,4,1,0,329,0
16,0,0,0,0,1,0,0,17,0,6,34,0,180,0
15,0,0,0,0,2,0,0,27,0,7,11,0,234,0
15,0,0,0,0,3,0,0,35,0,4,13,0,225,0
17,0,0,0,0,3,0,0,57,0,5,2,0,339,0
1,0,0,0,0,0,0,0,3,0,0,4,0,11,0
3,0,1,0,0,2,0,0,17,0,0,23,0,36,0
2,0,1,0,0,0,0,0,8,0,0,23,0,17,0
3,0,0,0,0,1,0,0,0,0,0,0,0,44,0
1,0,0,0,0,0,0,0,0,0,0,0,0,15,0
19,0,0,0,0,0,0,0,37,16,1,4,0,283,0
19,0,6,0,2,2,0,0,35,30,0,171,0,118,0
18,0,2,0,0,1,0,0,17,33,1,136,0,115,0
21,0,1,0,1,3,0,0,24,33,0,85,0,174,0
20,3,13,4,5,1,0,1,19,11,0,305,1,67,0
21,0,8,2,9,1,0,1,23,27,0,247,0,85,0
21,4,15,5,9,1,0,0,30,10,1,324,2,78,0
17,2,11,5,14,1,0,0,4,35,0,221,1,39,0
22,1,11,4,6,5,1,1,36,22,2,216,0,123,0
5,0,0,0,0,1,0,0,0,1,1,0,0,104,0
1,0,0,0,0,0,0,0,0,0,0,0,0,26,0
3,0,0,0,0,0,0,0,32,0,0,6,0,67,0
7,0,0,0,0,2,0,0,33,0,2,26,0,109,0
5,0,0,0,0,0,0,0,24,0,1,25,0,58,0
1,0,0,0,0,0,0,0,7,0,0,0,0,18,0
1,0,0,0,0,0,0,0,0,0,0,0,0,16,0
19,0,0,0,0,5,0,0,49,19,3,27,0,269,0
19,0,1,0,0,2,0,0,24,21,4,37,0,199,0
20,0,0,0,0,2,0,0,50,1,0,0,0,380,0
4,0,0,0,0,0,0,0,12,0,2,6,0,52,0
18,0,0,0,0,2,0,0,48,0,4,7,0,278,0
17,0,0,0,0,3,0,0,21,1,4,10,0,266,0
5,0,0,0,0,0,0,0,19,0,0,0,0,80,0
19,0,0,0,0,5,0,0,53,6,5,21,0,286,0
17,0,0,0,0,2,0,0,33,3,1,0,0,379,0
11,0,0,0,0,1,0,0,72,0,2,13,0,212,0
14,1,1,1,1,4,1,1,10,2,1,51,1,108,0
16,0,0,0,0,3,0,0,15,14,4,19,0,134,0
17,0,0,0,0,2,0,0,52,12,6,54,0,208,0
12,0,0,0,0,1,0,0,49,7,2,16,0,224,0
2,0,0,0,0,0,0,0,10,0,0,0,0,40,0
2,0,0,0,0,0,0,0,0,0,2,0,0,41,0
1,0,0,0,0,1,0,0,7,0,0,0,0,29,0
1,0,0,0,0,1,0,0,1,0,0,0,0,20,0
1,0,0,0,0,0,0,0,0,13,0,0,0,13,0
1,0,0,1,1,1,0,0,0,6,0,6,0,1,0
1,0,0,0,0,0,0,0,0,1,0,0,0,14,0
1,0,0,0,0,0,0,0,0,3,0,0,0,14,0
1,0,0,0,0,0,0,0,0,7,0,0,0,5,0
1,0,0,0,0,0,0,0,2,0,0,10,0,7,0
1,0,0,0,0,0,0,0,0,0,1,0,0,14,0
1,0,0,0,0,0,0,0,12,0,0,10,0,17,0
1,0,0,0,0,0,0,0,9,0,0,0,0,23,0
1,0,0,0,0,0,0,0,0,9,1,0,0,15,0
1,0,0,0,0,0,0,0,0,0,0,0,0,17,0
17,0,0,0,0,1,0,0,29,4,1,0,0,302,0
1,0,0,0,0,0,0,0,0,0,0,0,0,9,0
1,0,0,0,0,0,0,0,0,0,0,0,0,18,0
3,0,1,0,0,0,0,0,0,0,0,15,0,20,0
3,0,0,0,0,1,0,0,0,0,1,0,0,52,0
3,0,0,0,0,0,0,0,6,3,1,18,0,20,0
3,0,0,0,0,1,0,0,0,0,1,0,0,17,0
10,0,0,0,0,2,0,0,49,0,0,18,0,164,0
15,0,0,0,0,2,0,0,19,3,2,19,0,218,0
11,0,0,0,0,2,0,0,59,0,2,1,0,257,0
1,0,0,0,0,0,0,0,13,0,0,0,0,29,0
3,0,0,0,0,0,0,0,0,0,1,0,0,54,0
1,0,0,0,0,0,0,0,4,0,0,2,0,13,0
3,0,0,0,0,2,0,0,5,0,1,0,0,73,0
2,0,0,0,0,0,0,0,0,0,0,0,0,41,0
3,0,1,0,0,0,0,0,12,0,0,29,0,28,0
6,0,1,0,0,0,0,0,20,0,1,37,0,60,0
2,0,0,0,0,0,0,0,0,0,1,8,0,18,0
9,0,0,0,0,1,0,0,24,5,0,56,0,82,0
7,2,4,1,4,2,1,2,9,0,2,98,2,22,0
1,0,0,0,0,0,0,0,12,0,0,1,0,22,0
3,0,0,0,0,0,0,0,39,0,0,12,0,67,0
13,0,0,0,0,2,0,0,83,0,0,16,0,263,0
5,0,0,0,0,0,0,0,22,0,0,2,0,123,0
2,0,0,0,0,0,0,0,9,0,1,0,0,46,0
4,0,0,0,0,0,0,0,9,0,0,0,0,83,0
22,0,0,0,0,5,0,0,42,27,1,32,0,288,0
4,0,0,0,0,0,0,0,2,3,1,16,0,27,0
6,0,0,0,0,1,0,0,13,0,2,20,0,73,0
1,0,0,0,0,1,0,0,0,0,0,1,0,10,0
2,0,0,0,0,0,0,0,17,0,0,0,0,46,0
2,0,0,0,0,0,0,0,7,0,0,0,0,37,0
18,0,0,0,0,3,0,0,54,0,4,7,0,339,0
